"Metabolite","Log2FC_ TvN","p.val_ TvN","p.adj_ TvN","SUPER PATHWAY","SUB PATHWAY"
"1-arachidonoylglycerophosphocholine*",-0.390774274831556,0.0108377462097858,0.0151886662210136,"Lipid","Lysolipid"
"1-arachidonoylglycerophosphoethanolamine*",-1.24132402136181,4.48186004216126e-31,5.06186545938213e-30,"Lipid","Lysolipid"
"1-arachidonoylglycerophosphoinositol*",-0.874263117884245,1.82858018365814e-22,9.57511077988261e-22,"Lipid","Lysolipid"
"1-arachidonylglycerol",-0.43797453412212,0.0468821220554597,0.0612337920724372,"Lipid","Monoacylglycerol"
"1-docosahexaenoylglycerophosphocholine*",-0.943019625154541,8.42311381265184e-10,2.14677590977321e-09,"Lipid","Lysolipid"
"1-heptadecanoylglycerophosphocholine",-1.99485087689191,3.80034909997403e-17,1.60955961881253e-16,"Lipid","Lysolipid"
"1-heptadecanoylglycerophosphoethanolamine*",-4.56113378434095,7.07346462778857e-42,6.15931570527109e-40,"Lipid","Lysolipid"
"1-linoleoylglycerol (1-monolinolein)",0.773625464221796,0.000578238134004608,0.000917534890321362,"Lipid","Monoacylglycerol"
"1-linoleoylglycerophosphocholine",-0.695964611414813,0.00198659479600023,0.00297989219400035,"Lipid","Lysolipid"
"1-linoleoylglycerophosphoethanolamine*",-2.99722457501763,1.14465925234799e-37,2.99692604251109e-36,"Lipid","Lysolipid"
"1-methylimidazoleacetate",-0.762279298307334,5.3989731101527e-14,1.86216078529818e-13,"Amino acid","Histidine metabolism"
"1-myristoylglycerophosphocholine",-1.42339157589706,1.05037294999806e-13,3.55891070116989e-13,"Lipid","Lysolipid"
"1-myristoylglycerophosphoethanolamine",-2.73132297391759,3.74840067634552e-28,3.37356060871097e-27,"Lipid","Lysolipid"
"1-oleoylglycerol (1-monoolein)",0.751013658093211,0.00011234347250343,0.00019258881000588,"Lipid","Monoacylglycerol"
"1-oleoylglycerophosphocholine",-1.82531401468082,1.17387352075646e-17,5.0459040892218e-17,"Lipid","Lysolipid"
"1-oleoylglycerophosphoethanolamine",-4.314250138191,9.1353828991769e-43,1.31549513748147e-40,"Lipid","Lysolipid"
"1-oleoylglycerophosphoinositol*",-1.54489340251947,3.6963968845265e-35,6.6535143921477e-34,"Lipid","Lysolipid"
"1-oleoylglycerophosphoserine",-1.13498286091411,1.11692209427719e-24,6.91771103552327e-24,"Lipid","Lysolipid"
"1-palmitoleoylglycerophosphocholine*",-1.29328593281504,2.39917149335413e-10,6.25304425417184e-10,"Lipid","Lysolipid"
"1-palmitoleoylglycerophosphoethanolamine*",-3.65273899947318,2.89374498574966e-34,4.90234444644649e-33,"Lipid","Lysolipid"
"1-palmitoylglycerol (1-monopalmitin)",-0.342076293312442,0.00389694084409961,0.00561159481550343,"Lipid","Monoacylglycerol"
"1-palmitoylglycerophosphocholine",-1.55297138338214,8.30871213664417e-17,3.37029450049791e-16,"Lipid","Lysolipid"
"1-palmitoylglycerophosphoethanolamine",-5.15458093481946,2.92752227850065e-43,5.62084277472125e-41,"Lipid","Lysolipid"
"1-palmitoylglycerophosphoinositol*",-2.21874091004439,4.64661440516656e-41,2.9738332193066e-39,"Lipid","Lysolipid"
"1-palmitoylplasmenylethanolamine*",-3.0799581793841,1.08303236996733e-38,3.46570358389547e-37,"Lipid","Lysolipid"
"1-pentadecanoylglycerophosphocholine*",-1.87333155256777,4.63934990878574e-17,1.95055879376685e-16,"Lipid","Lysolipid"
"1-stearoylglycerol (1-monostearin)",-0.694255953438306,1.67518407067999e-11,4.75323164882598e-11,"Lipid","Monoacylglycerol"
"1-stearoylglycerophosphocholine",-1.47634496796058,3.03263374497384e-09,7.40168236061411e-09,"Lipid","Lysolipid"
"1-stearoylglycerophosphoethanolamine",-3.41444706132545,1.18258103806677e-33,1.79254388928015e-32,"Lipid","Lysolipid"
"1-stearoylglycerophosphoinositol",-1.76433743933701,6.79454209348188e-37,1.63069010243565e-35,"Lipid","Lysolipid"
"1,2-propanediol",-0.206657989215413,0.0582482261744417,0.0747814886570117,"Lipid","Ketone bodies"
"1,3-dihydroxyacetone",0.452333429744594,0.0590185879174503,0.0755437925343364,"Carbohydrate","Glycolysis, gluconeogenesis, pyruvate metabolism"
"1,5-anhydroglucitol (1,5-AG)",-0.0299385457172521,0.973239985899111,0.990435038653512,"Carbohydrate","Glycolysis, gluconeogenesis, pyruvate metabolism"
"10-heptadecenoate (17:1n7)",0.716519707605102,4.98898644027398e-16,1.98183185489504e-15,"Lipid","Long chain fatty acid"
"10-nonadecenoate (19:1n9)",1.17911043761053,1.04726699336713e-22,5.53418154293088e-22,"Lipid","Long chain fatty acid"
"13-HODE + 9-HODE",0.220299628563167,0.902913730571067,0.930372645454266,"Lipid","Fatty acid, monohydroxy"
"15-methylpalmitate (isobar with 2-methylpalmitate)",0.449464023723363,3.06294179744315e-14,1.08236470878973e-13,"Lipid","Fatty acid, branched"
"16-hydroxypalmitate",-0.436533487003153,0.00426978253406429,0.00613315396414223,"Lipid","Fatty acid, monohydroxy"
"2'-deoxyadenosine 3'-monophosphate",0.289517311442992,0.0582932090399275,0.0747814886570117,"Nucleotide","Purine metabolism, adenine containing"
"2'-deoxycytidine 3'-monophosphate",0.276112720938651,0.324329859820275,0.370662696937457,"Nucleotide","Pyrimidine metabolism, cytidine containing"
"2'-deoxyguanosine",0.243906275592739,0.390689477774302,0.439525662496089,"Nucleotide","Purine metabolism, guanine containing"
"2'-deoxyinosine",0.382517397942438,0.0784602948600079,0.0986749559811453,"Nucleotide","Purine metabolism, (hypo)xanthine/inosine containing"
"2-aminoadipate",2.23263460436761,1.37211617692528e-11,3.93687196094832e-11,"Amino acid","Lysine metabolism"
"2-aminobutyrate",0.436033848781494,7.52596746952155e-06,1.39837331046594e-05,"Amino acid","Butanoate metabolism"
"2-arachidonoylglycerophosphocholine*",0.335517874763785,0.376499038764644,0.42689654789062,"Lipid","Lysolipid"
"2-arachidonoylglycerophosphoethanolamine*",-0.167717949779914,0.000926992357200424,0.00144701246002017,"Lipid","Lysolipid"
"2-docosahexaenoylglycerophosphocholine*",-0.244139573636122,0.0425101342009484,0.0559037381272746,"Lipid","Lysolipid"
"2-docosahexaenoylglycerophosphoethanolamine*",0.141789917466414,0.873706473081376,0.903509745951298,"Lipid","Lysolipid"
"2-docosapentaenoylglycerophosphocholine*",0.129913354732786,0.513060796740852,0.566136051576113,"Lipid","Lysolipid"
"2-docosapentaenoylglycerophosphoethanolamine*",0.777150966747522,0.00196773530437738,0.0029593094917007,"Lipid","Lysolipid"
"2-eicosatrienoylglycerophosphocholine*",0.257925875609272,0.594239387927565,0.642179901400145,"Lipid","Lysolipid"
"2-ethylhexanoate",-0.0901526826956691,3.35993654886345e-06,6.45107817381783e-06,"Xenobiotics","Chemical"
"2-hydroxyacetaminophen sulfate*",-0.00143539692265511,0.0244945524026161,0.0331973227856632,"Xenobiotics","Drug"
"2-hydroxybutyrate (AHB)",0.0628812342137377,0.558204228525558,0.611375460905423,"Amino acid","Cysteine, methionine, SAM, taurine metabolism"
"2-hydroxyglutarate",2.62749584711951,1.42609829545425e-24,8.73864487427285e-24,"Lipid","Fatty acid, dicarboxylate"
"2-hydroxyhippurate (salicylurate)",-0.77310204297676,0.00146189866347604,0.00223356400573528,"Xenobiotics","Benzoate metabolism"
"2-hydroxyisobutyrate",-1.29591378630564,5.88559228626001e-27,4.77479036181094e-26,"Xenobiotics","Chemical"
"2-hydroxypalmitate",0.867765707256258,7.11842678299722e-09,1.68820620024804e-08,"Lipid","Fatty acid, monohydroxy"
"2-isopropylmalate",-0.764794599210591,8.95193271617086e-09,2.11324313299771e-08,"Carbohydrate","Glycolysis, gluconeogenesis, pyruvate metabolism"
"2-linoleoylglycerol (2-monolinolein)",1.22371170361185,0.000107537054729409,0.000184899532907879,"Lipid","Monoacylglycerol"
"2-linoleoylglycerophosphocholine*",0.11861535844176,0.754601752925248,0.788839582005341,"Lipid","Lysolipid"
"2-linoleoylglycerophosphoethanolamine*",-1.43687121264183,1.20663772602812e-25,8.08166663014182e-25,"Lipid","Lysolipid"
"2-methoxyacetaminophen sulfate*",0,NA,NA,"Xenobiotics","Drug"
"2-methylbutyroylcarnitine",-1.51817546778901,1.64750752733692e-31,2.01907305477886e-30,"Amino acid","Valine, leucine and isoleucine metabolism"
"2-myristoylglycerophosphocholine*",0.769161059797155,9.28130258652632e-06,1.69715247296481e-05,"Lipid","Lysolipid"
"2-oleoylglycerol (2-monoolein)",1.39456659266031,1.54926366089817e-05,2.7886745896167e-05,"Lipid","Monoacylglycerol"
"2-oleoylglycerophosphocholine*",-0.352001870729321,0.0128311728931916,0.0179387271516466,"Lipid","Lysolipid"
"2-oleoylglycerophosphoethanolamine*",-3.45641217228824,2.35444697373772e-41,1.69520182109116e-39,"Lipid","Lysolipid"
"2-oleoylglycerophosphoserine*",-0.0470386844952397,0.000118680445396733,0.000201651730231618,"Lipid","Lysolipid"
"2-palmitoleoylglycerophosphocholine*",1.464785311101,1.19931562940631e-13,4.03980001484232e-13,"Lipid","Lysolipid"
"2-palmitoylglycerol (2-monopalmitin)",0.0285471012636262,0.969515536164529,0.990143526295689,"Lipid","Monoacylglycerol"
"2-palmitoylglycerophosphocholine*",-0.649370287392355,0.0391840609200017,0.0520046522809239,"Lipid","Lysolipid"
"2-palmitoylglycerophosphoethanolamine*",-5.19912257733576,4.20700377793627e-40,1.73088155435092e-38,"Lipid","Lysolipid"
"2-phosphoglycerate",-0.736887191642213,0.00194085707807894,0.00293420912591461,"Carbohydrate","Glycolysis, gluconeogenesis, pyruvate metabolism"
"2-stearoylglycerophosphocholine*",-1.83025962727662,1.65828794964248e-08,3.82069543597627e-08,"Lipid","Lysolipid"
"2-stearoylglycerophosphoethanolamine*",-5.0890771585911,9.55380423708555e-25,5.98151221800139e-24,"Lipid","Lysolipid"
"3'-dephosphocoenzyme A",-0.935689264492787,7.05433229380835e-09,1.68601468930855e-08,"Cofactors and vitamins","Pantothenate and CoA metabolism"
"3-(4-hydroxyphenyl)lactate",0.647683720526731,1.43767710674855e-11,4.0995149182533e-11,"Amino acid","Phenylalanine & tyrosine metabolism"
"3-(cystein-S-yl)acetaminophen*",-0.2512814918883,0.00131509047091526,0.00201997896332583,"Xenobiotics","Drug"
"3-(N-acetyl-L-cystein-S-yl) acetaminophen*",-0.575624838131948,0.00041119730853613,0.000663444396965857,"Xenobiotics","Drug"
"3-aminoisobutyrate",1.9760012899394,1.30364974324083e-13,4.3657107680623e-13,"Nucleotide","Pyrimidine metabolism, thymine containing; Valine, leucine and isoleucine metabolism/"
"3-carboxy-4-methyl-5-propyl-2-furanpropanoate (CMPF)",0.381361039542945,0.386356425864243,0.435501568097464,"Lipid","Fatty acid, dicarboxylate"
"3-dehydrocarnitine*",-0.0251670949127688,0.116651188316232,0.142959754191808,"Lipid","Carnitine metabolism"
"3-hydroxybutyrate (BHBA)",-0.0761434958034701,0.759240445957306,0.790818258356977,"Lipid","Ketone bodies"
"3-hydroxydecanoate",-0.37162026902075,0.0151270158706665,0.0209450988978459,"Lipid","Fatty acid, monohydroxy"
"3-hydroxyhippurate",-3.14046698321267,9.29531183379462e-25,5.88362595194033e-24,"Xenobiotics","Benzoate metabolism"
"3-hydroxyoctanoate",-0.298300851179186,0.00435942730804526,0.00624634360555739,"Lipid","Fatty acid, monohydroxy"
"3-indoxyl sulfate",-1.01189386459608,6.84215495431213e-06,1.27543082643488e-05,"Amino acid","Tryptophan metabolism"
"3-methyl-2-oxovalerate",-0.164561817568917,0.320189851401175,0.367889994669247,"Amino acid","Valine, leucine and isoleucine metabolism"
"3-methylhistidine",-0.853406201681323,1.0636718037162e-11,3.07876863789212e-11,"Amino acid","Histidine metabolism"
"3-phosphoglycerate",-0.770743625315653,5.11971446554174e-06,9.70051161892118e-06,"Carbohydrate","Glycolysis, gluconeogenesis, pyruvate metabolism"
"3-ureidopropionate",0.450370551870842,0.124059773620442,0.151074904028276,"Amino acid","Alanine and aspartate metabolism"
"3,4-dihydroxyphenethyleneglycol",-1.85431494299718,1.1616430840955e-26,9.16584132108228e-26,"Amino acid","Phenylalanine & tyrosine metabolism"
"4-acetamidophenol",-0.430425071225903,0.122892199641647,0.149970141935569,"Xenobiotics","Drug"
"4-acetaminophen sulfate",-0.719694221631965,0.0905480922645408,0.112891128018129,"Xenobiotics","Drug"
"4-androsten-3beta,17beta-diol disulfate 1*",-0.280825322894046,0.237369067590242,0.279029761085672,"Lipid","Sterol/Steroid"
"4-guanidinobutanoate",0.279837390356144,0.112748337430261,0.138471305671281,"Amino acid","Guanidino and acetamido metabolism"
"4-hydroxybutyrate (GHB)",1.66776161728343,0.00578314285965071,0.00822491428928101,"Lipid","Fatty acid, monohydroxy"
"4-hydroxyglutamate",2.74980849321299,5.02526356984517e-13,1.59041308584111e-12,"Amino acid","Glutamate metabolism"
"4-hydroxyhippurate",-3.33278877413292,2.23597545170395e-36,4.77008096363508e-35,"Xenobiotics","Benzoate metabolism"
"4-hydroxyphenylacetate",-1.70777493733809,8.64824997043058e-30,8.58860686718623e-29,"Amino acid","Phenylalanine & tyrosine metabolism"
"4-methyl-2-oxopentanoate",0.146971326144599,0.334259663821648,0.381254586853998,"Amino acid","Valine, leucine and isoleucine metabolism"
"5-aminovalerate",0.875007409048768,2.80464284488824e-12,8.37033305002914e-12,"Amino acid","Urea cycle; arginine-, proline-, metabolism"
"5-HETE",-2.14368202910865,3.97359010082161e-23,2.179797998165e-22,"Lipid","Eicosanoid"
"5-methyltetrahydrofolate (5MeTHF)",-2.18721518934881,1.65751110982095e-32,2.27315809346872e-31,"Cofactors and vitamins","Folate metabolism"
"5-methylthioadenosine (MTA)",0.730495350179196,0.0331593342709147,0.0444180849768532,"Amino acid","Polyamine metabolism"
"5-methyluridine (ribothymidine)",-0.302167528613123,2.57969072382957e-07,5.3449707083663e-07,"Nucleotide","Pyrimidine metabolism, uracil containing"
"5-oxoETE",-2.00021586093469,2.87765298626364e-26,2.0981368608707e-25,"Lipid","Eicosanoid"
"5-oxoproline",-0.24047233379328,8.97840193794661e-07,1.80823759309694e-06,"Amino acid","Glutathione metabolism"
"5,6-dihydrouracil",1.31520977057695,7.02701491060088e-15,2.68050370099742e-14,"Nucleotide","Pyrimidine metabolism, uracil containing"
"6'-sialyllactose",1.49439774326192,0.00136389744902151,0.00208937481552231,"Carbohydrate","Fructose, mannose, galactose, starch, and sucrose metabolism"
"6-keto prostaglandin F1alpha",-0.593103160942757,0.000176172864094171,0.000296712192158604,"Lipid","Eicosanoid"
"6-phosphogluconate",1.63064298020372,3.17997900298615e-16,1.27199160119446e-15,"Carbohydrate","Nucleotide sugars, pentose metabolism"
"7-alpha-hydroxy-3-oxo-4-cholestenoate (7-Hoca)",2.03832705392944,2.10038305189478e-23,1.19784221573405e-22,"Lipid","Sterol/Steroid"
"7-alpha-hydroxycholesterol",1.34090815741773,0.161494742587287,0.19339079361804,"Lipid","Sterol/Steroid"
"7-beta-hydroxycholesterol",0.790807679120722,0.00349239849391267,0.00506705675691108,"Lipid","Sterol/Steroid"
"Ac-Ser-Asp-Lys-Pro-OH",0.648619954334779,5.79963024459344e-07,1.17626303552318e-06,"Peptide","Polypeptide"
"acetylcarnitine",1.48790112191347,1.65107420623135e-26,1.2513404510385e-25,"Lipid","Carnitine metabolism"
"adenine",0.659158657259498,0.972024174617868,0.990435038653512,"Nucleotide","Purine metabolism, adenine containing"
"adenosine",-0.630116416857074,7.73147190445166e-08,1.68050106300534e-07,"Nucleotide","Purine metabolism, adenine containing"
"adenosine 2'-monophosphate (2'-AMP)",-0.903860287724946,3.94022247057226e-18,1.70644221281926e-17,"Nucleotide","Purine metabolism, adenine containing"
"adenosine 3'-monophosphate (3'-AMP)",-1.01742050823815,1.09293987535805e-19,5.24611140171864e-19,"Nucleotide","Purine metabolism, adenine containing"
"adenosine 5'-monophosphate (AMP)",0.964567001284069,4.04551800511033e-07,8.26318571256578e-07,"Nucleotide","Purine metabolism, adenine containing"
"adenylosuccinate",-0.279656805548811,0.0373021628179835,0.0496213528479411,"Nucleotide","Purine metabolism, adenine containing"
"adipate",-1.81988654807603,1.49163410621184e-13,4.96636557906371e-13,"Lipid","Fatty acid, dicarboxylate"
"adrenate (22:4n6)",0.174008747536951,0.0672916171104321,0.0855628508953839,"Lipid","Long chain fatty acid"
"agmatine",0.645071564035914,0.111240885854412,0.136911859513122,"Amino acid","Polyamine metabolism"
"alanine",-0.41582905463587,3.12750702507406e-07,6.4567886969271e-07,"Amino acid","Alanine and aspartate metabolism"
"alanylalanine",0.153998414233666,0.118215685768292,0.144569501066955,"Peptide","Dipeptide"
"alanylglutamate",1.0532184251346,8.79467116262833e-05,0.000152582246676925,"Peptide","Dipeptide"
"alanylglycine",0.358428435440363,0.412460953438617,0.461315551807075,"Peptide","Dipeptide"
"alanylisoleucine",0.649813957669642,0.758506037498704,0.790818258356977,"Peptide","Dipeptide"
"alanylleucine",2.21745729333872,7.50293557202335e-12,2.20494433137013e-11,"Peptide","Dipeptide"
"alanylmethionine",1.23895654377133,0.000394461234219285,0.000638717598168784,"Peptide","Dipeptide"
"alanylphenylalanine",2.07780387787205,1.8340774252152e-09,4.55357153846533e-09,"Peptide","Dipeptide"
"alanylthreonine",0.776801625553281,0.56642080514467,0.616745526962816,"Peptide","Dipeptide"
"alanyltryptophan",0.791788974111397,0.000256467337142159,0.000424497661476677,"Peptide","Dipeptide"
"alanyltyrosine",1.24144793725817,1.52450285970345e-08,3.54078083544028e-08,"Peptide","Dipeptide"
"alanylvaline",0.509847078142142,0.878205779967541,0.906534998676172,"Peptide","Dipeptide"
"allo-threonine",-0.721469209752476,0.00248889736232967,0.00369485793995332,"Amino acid","Glycine, serine and threonine metabolism"
"alpha-glutamylglutamate",0.622026765975867,0.242589795368197,0.284585992122365,"Peptide","Dipeptide"
"alpha-glutamyltryptophan",0.850792659365732,0.135234438083566,0.163645034319609,"Peptide","Dipeptide"
"alpha-glutamyltyrosine",1.00614293526028,0.000621973337924648,0.000981525048341363,"Peptide","Dipeptide"
"alpha-hydroxyisovalerate",0.116604467533096,0.378932902626605,0.428812086272936,"Amino acid","Valine, leucine and isoleucine metabolism"
"alpha-tocopherol",3.16805683994292,2.92101292054059e-31,3.43368049434975e-30,"Cofactors and vitamins","Tocopherol metabolism"
"androsterone sulfate",-0.734332800491852,1.3688842202954e-06,2.71673757278894e-06,"Lipid","Sterol/Steroid"
"anserine",-1.93464132984208,3.79397042845232e-18,1.66818852426606e-17,"Peptide","Dipeptide derivative"
"arabitol",-1.38892003799123,5.85192021407279e-31,6.48212700635755e-30,"Carbohydrate","Nucleotide sugars, pentose metabolism"
"arabonate",0.198538490321134,0.0640466390933542,0.0817979248731086,"Cofactors and vitamins","Ascorbate and aldarate metabolism"
"arachidate (20:0)",1.26064233278874,9.16940078867822e-15,3.47472029886753e-14,"Lipid","Long chain fatty acid"
"arachidonate (20:4n6)",-1.74183987124893,4.10154563752082e-38,1.181245143606e-36,"Lipid","Long chain fatty acid"
"arginine",-0.501913343904395,4.99658627835466e-12,1.48352252388262e-11,"Amino acid","Urea cycle; arginine-, proline-, metabolism"
"argininosuccinate",-0.915361446974538,0.0928060180686632,0.115456298936393,"Amino acid","Urea cycle; arginine-, proline-, metabolism"
"arginylleucine",1.98868172917172,6.90080553466783e-12,2.03839178870188e-11,"Peptide","Dipeptide"
"arginylmethionine",0.910132232899077,0.010176197519623,0.0143312708344812,"Peptide","Dipeptide"
"arginylphenylalanine",2.04189841361268,1.36570862187309e-14,5.07514945934774e-14,"Peptide","Dipeptide"
"arginyltyrosine",1.10851696937278,0.000115081490138486,0.000196697146349459,"Peptide","Dipeptide"
"arginylvaline",0.387056315887239,0.000556055868864046,0.000884773979186991,"Peptide","Dipeptide"
"ascorbate (Vitamin C)",0.205351578487602,0.570050982266874,0.619527105256074,"Cofactors and vitamins","Ascorbate and aldarate metabolism"
"asparagine",-1.41543881146859,2.64377934718978e-23,1.49295774900129e-22,"Amino acid","Alanine and aspartate metabolism"
"aspartate",-1.14283406081847,9.24049570893951e-25,5.88362595194033e-24,"Amino acid","Alanine and aspartate metabolism"
"aspartate-glutamate",-0.359958016987462,1.43877036999772e-08,3.35518920290966e-08,"Peptide","Dipeptide"
"aspartylleucine",1.46133675667761,2.97127408139793e-11,8.18877450184311e-11,"Peptide","Dipeptide"
"aspartylphenylalanine",0.873241187177057,8.7167722462581e-05,0.000151687637880504,"Peptide","Dipeptide"
"aspartyltryptophan",-0.391689874277289,4.64311697822004e-09,1.12371234430872e-08,"Peptide","Dipeptide"
"aspartylvaline",0.513228187150175,0.0167881333746726,0.0231893640858786,"Peptide","Dipeptide"
"atenolol",-0.279274036335623,0.74525645110658,0.781908407718379,"Xenobiotics","Drug"
"azelate (nonanedioate)",0.211145443724464,0.0213932187544398,0.0291311914954074,"Lipid","Fatty acid, dicarboxylate"
"benzoate",-0.22132233380411,8.6818822180481e-05,0.000151538307805931,"Xenobiotics","Benzoate metabolism"
"beta-alanine",2.11508749768405,3.61711100921422e-23,2.02277275855086e-22,"Amino acid","Alanine and aspartate metabolism"
"beta-hydroxypyruvate",0.0713090980825266,0.303012493812738,0.351177457617982,"Amino acid","Glycine, serine and threonine metabolism"
"beta-tocopherol",2.14447104909141,3.00978749525678e-14,1.07014666498019e-13,"Cofactors and vitamins","Tocopherol metabolism"
"betaine",-0.318512683889302,0.162897930138439,0.194666406140541,"Amino acid","Glycine, serine and threonine metabolism"
"bilirubin (E,E)*",0.28785007595805,0.0743165032899901,0.0938734778399874,"Cofactors and vitamins","Hemoglobin and porphyrin metabolism"
"bilirubin (Z,Z)",0.572284461744382,0.000297533651172818,0.000489655380215837,"Cofactors and vitamins","Hemoglobin and porphyrin metabolism"
"butyrylcarnitine",0.565309368869705,1.84329893337649e-05,3.28712131772402e-05,"Lipid","Fatty acid metabolism (also BCAA metabolism)"
"C-glycosyltryptophan*",-0.247790995362507,0.00266637068508074,0.00392795272277878,"Amino acid","Tryptophan metabolism"
"caprate (10:0)",-0.274784288836144,7.9976070079896e-08,1.7318126453391e-07,"Lipid","Medium chain fatty acid"
"caproate (6:0)",-0.277239848557341,1.76685317307437e-07,3.74157142533396e-07,"Lipid","Medium chain fatty acid"
"caprylate (8:0)",-0.208387041873289,0.000439839100081868,0.000705702845813804,"Lipid","Medium chain fatty acid"
"carnitine",0.348327292275647,0.00495188713981503,0.00707763521720461,"Lipid","Carnitine metabolism"
"catechol sulfate",-0.811250530488061,1.45513460127349e-07,3.10428714938344e-07,"Xenobiotics","Benzoate metabolism"
"celecoxib",-0.00462102268026603,0.320855819125686,0.367889994669247,"Xenobiotics","Drug"
"chiro-inositol",-1.45960722841598,8.86243082704661e-06,1.63614107576245e-05,"Lipid","Inositol metabolism"
"cholate",-0.593030062920002,0.00107517984413252,0.00166479459736648,"Lipid","Bile acid metabolism"
"cholesterol",0.226126730358755,0.000939701105570204,0.00146288604542821,"Lipid","Sterol/Steroid"
"choline",-0.590509269762652,1.05788902418462e-14,3.95677972682041e-14,"Lipid","Glycerolipid metabolism"
"choline phosphate",0.381363964524451,6.47472654831787e-06,1.21085795189321e-05,"Lipid","Glycerolipid metabolism"
"cinnamoylglycine",-0.400440331744096,2.1602113932567e-07,4.52466095460312e-07,"Xenobiotics","Food component/Plant"
"cis-aconitate",1.21368716111235,2.2243074731826e-18,9.85539311194752e-18,"Energy","Krebs cycle"
"cis-vaccenate (18:1n7)",0.673478453239096,1.98225983641835e-07,4.16708637144879e-07,"Lipid","Long chain fatty acid"
"citalopram",0.0188978568605824,0.559424809521861,0.611439640008713,"Xenobiotics","Drug"
"citramalate",-2.32246730822974,1.11264270219613e-31,1.39322216622819e-30,"Amino acid","Valine, leucine and isoleucine metabolism"
"citrate",1.85761763073382,6.53974642225198e-26,4.65048634471252e-25,"Energy","Krebs cycle"
"citrulline",0.487258020430458,4.00233264589257e-09,9.7271882026756e-09,"Amino acid","Urea cycle; arginine-, proline-, metabolism"
"codeine",0.0086720538876916,0.320855819125686,0.367889994669247,"Xenobiotics","Drug"
"cortisol",-0.440319509029823,0.127643612633513,0.155111225478699,"Lipid","Sterol/Steroid"
"cortisone",-1.86543112825687,1.86874438118449e-12,5.66524612401194e-12,"Lipid","Sterol/Steroid"
"creatine",1.05740986873921,1.74508858663031e-08,3.98877391229786e-08,"Amino acid","Creatine metabolism"
"creatinine",-1.52785628524436,2.6844331314748e-27,2.27387277019042e-26,"Amino acid","Creatine metabolism"
"cysteine",0.536394753547829,0.826208710874885,0.857470662097178,"Amino acid","Cysteine, methionine, SAM, taurine metabolism"
"cysteine-glutathione disulfide",2.61854950936935,8.59705815390565e-24,5.00192474409056e-23,"Amino acid","Glutathione metabolism"
"cysteinylglycine",2.75464938040032,3.65780683469597e-07,7.52463120280315e-07,"Peptide","Dipeptide"
"cystine",0.694832862891895,0.00344652062966417,0.00501312091587515,"Amino acid","Cysteine, methionine, SAM, taurine metabolism"
"cytidine",-1.02413574880635,5.73652184652446e-14,1.96680749023696e-13,"Nucleotide","Pyrimidine metabolism, cytidine containing"
"cytidine-3'-monophosphate (3'-CMP)",-0.771473553374311,3.91746955073748e-11,1.05937204752338e-10,"Nucleotide","Pyrimidine metabolism, cytidine containing"
"cytidine 5'-diphosphocholine",0.902995033504476,0.0322603216667224,0.043415760000075,"Lipid","Glycerolipid metabolism"
"cytidine 5'-monophosphate (5'-CMP)",1.1668624141331,1.12342859019668e-21,5.57840403408005e-21,"Nucleotide","Pyrimidine metabolism, cytidine containing"
"cytosine-2',3'-cyclic monophosphate",-0.251002700835931,7.47929565487802e-08,1.63184632470066e-07,"Nucleotide","Pyrimidine metabolism, cytidine containing"
"deoxycarnitine",0.353242665113849,4.60257156496785e-05,8.08256469945573e-05,"Lipid","Carnitine metabolism"
"dihomo-linoleate (20:2n6)",1.38898579357503,2.92579494562403e-26,2.1065723608493e-25,"Lipid","Long chain fatty acid"
"dihomo-linolenate (20:3n3 or n6)",0.123959450316744,0.438586675057015,0.486755153820503,"Lipid","Essential fatty acid"
"dihydrocholesterol",0.565411568564576,0.0853129554738118,0.107059395104391,"Lipid","Sterol/Steroid"
"dimethylarginine (SDMA + ADMA)",-1.8602664140684,3.29533245014134e-33,4.86695254174721e-32,"Amino acid","Urea cycle; arginine-, proline-, metabolism"
"dimethylglycine",0.111500854960145,0.370760543580088,0.421219079096904,"Amino acid","Glycine, serine and threonine metabolism"
"docosadienoate (22:2n6)",1.84417447883263,5.18360624090039e-21,2.55192922628942e-20,"Lipid","Long chain fatty acid"
"docosahexaenoate (DHA; 22:6n3)",-1.33564336739227,4.27382423742654e-27,3.51674680108241e-26,"Lipid","Essential fatty acid"
"docosapentaenoate (n3 DPA; 22:5n3)",0.137574742696971,0.531869468543126,0.585768286579045,"Lipid","Essential fatty acid"
"docosapentaenoate (n6 DPA; 22:5n6)",-0.899348111622961,2.61504022253762e-14,9.41414480113545e-14,"Lipid","Essential fatty acid"
"docosatrienoate (22:3n3)",1.40287469662959,5.05133264733094e-22,2.574838588374e-21,"Lipid","Long chain fatty acid"
"dodecanedioate",-0.100718181668585,0.988779854384185,1,"Lipid","Fatty acid, dicarboxylate"
"eicosapentaenoate (EPA; 20:5n3)",-1.12642610354044,1.05056080160699e-12,3.23595198783759e-12,"Lipid","Essential fatty acid"
"eicosenoate (20:1n9 or 11)",2.32644131146911,1.15905689928991e-35,2.22538924663662e-34,"Lipid","Long chain fatty acid"
"epinephrine",0,NA,NA,"Amino acid","Phenylalanine & tyrosine metabolism"
"ergothioneine",2.09335423020779,8.29516732017703e-29,7.8328137318393e-28,"Xenobiotics","Food component/Plant"
"erucate (22:1n9)",2.2289026872552,1.69953695000029e-25,1.12521067034502e-24,"Lipid","Long chain fatty acid"
"erythritol",0.571176403595831,0.853623635777401,0.884329521956444,"Xenobiotics","Sugar, sugar substitute, starch"
"erythronate*",-0.0787458585230879,0.233116752589908,0.275154199778252,"Carbohydrate","Aminosugars metabolism"
"ethanolamine",-1.32582871640007,5.42590630456633e-17,2.26472610973203e-16,"Lipid","Glycerolipid metabolism"
"flavin adenine dinucleotide (FAD)",-2.0789413279245,7.62401101002259e-36,1.51428632474931e-34,"Cofactors and vitamins","Riboflavin metabolism"
"fructose",2.11848520294849,2.26708699673381e-24,1.37457064223018e-23,"Carbohydrate","Fructose, mannose, galactose, starch, and sucrose metabolism"
"fructose-6-phosphate",2.79334704416023,9.68259574439253e-38,2.65579768989052e-36,"Carbohydrate","Glycolysis, gluconeogenesis, pyruvate metabolism"
"fructose 1-phosphate",3.24364687671395,4.44539828612108e-32,5.81943048364942e-31,"Carbohydrate","Glycolysis, gluconeogenesis, pyruvate metabolism"
"fucose",-0.225443431389335,0.0490913096231818,0.0636860232949386,"Carbohydrate","Aminosugars metabolism"
"fumarate",-1.77839268956287,1.6341454483341e-30,1.74308847822304e-29,"Energy","Krebs cycle"
"gabapentin",-0.0631533577670329,0.640540258320234,0.688341770135177,"Xenobiotics","Drug"
"galactose",0.607390562651255,0.138877453714567,0.167350237112114,"Carbohydrate","Fructose, mannose, galactose, starch, and sucrose metabolism"
"gamma-aminobutyrate (GABA)",-1.95301895832651,1.79931861272409e-27,1.57031442565012e-26,"Amino acid","Glutamate metabolism"
"gamma-glutamylcysteine",1.43563513933739,2.44423320652937e-08,5.4568927401586e-08,"Peptide","gamma-glutamyl"
"gamma-glutamylglutamate",2.23308595876746,3.05796313205356e-27,2.5527344406708e-26,"Peptide","gamma-glutamyl"
"gamma-glutamylglutamine",2.10965015023439,1.16364091777269e-08,2.73574354545742e-08,"Peptide","gamma-glutamyl"
"gamma-glutamylisoleucine*",-0.956082127824809,2.6062199309129e-12,7.8186597927387e-12,"Peptide","gamma-glutamyl"
"gamma-glutamylleucine",-0.0758553959885202,0.136103134216307,0.164350954525352,"Peptide","gamma-glutamyl"
"gamma-glutamylphenylalanine",-0.443904796454565,1.30696411945283e-09,3.27309275132535e-09,"Peptide","gamma-glutamyl"
"gamma-glutamylvaline",-0.0296813438053854,0.431175087068519,0.480380754645003,"Peptide","gamma-glutamyl"
"gamma-tocopherol",2.34528661539017,5.21236075374736e-25,3.37339302714436e-24,"Cofactors and vitamins","Tocopherol metabolism"
"glucarate (saccharate)",0.497951262443449,0.0411640684229955,0.0545069043945872,"Cofactors and vitamins","Ascorbate and aldarate metabolism"
"gluconate",-1.76946524981584,5.52065375099787e-24,3.24479240874977e-23,"Carbohydrate","Nucleotide sugars, pentose metabolism"
"glucose",2.06375434124925,3.05462297628869e-31,3.51892566868457e-30,"Carbohydrate","Glycolysis, gluconeogenesis, pyruvate metabolism"
"glucose-6-phosphate (G6P)",3.23387058178779,2.97578557702014e-39,1.03027692322994e-37,"Carbohydrate","Glycolysis, gluconeogenesis, pyruvate metabolism"
"glucose 1-phosphate",3.15080588983539,3.75152648254108e-38,1.13730487049666e-36,"Carbohydrate","Glycolysis, gluconeogenesis, pyruvate metabolism"
"glucuronate",-1.64081650656372,3.05632094460399e-24,1.83379256676239e-23,"Carbohydrate","Glycolysis, gluconeogenesis, pyruvate metabolism"
"glutamate",0.585422333689254,2.49818001448604e-20,1.21945058334234e-19,"Amino acid","Glutamate metabolism"
"glutamate, gamma-methyl ester",-1.21985967183657,1.78985416984796e-17,7.63671112468461e-17,"Amino acid","Glutamate metabolism"
"glutamine",0.454333521995117,2.03721199047931e-13,6.66723924156865e-13,"Amino acid","Glutamate metabolism"
"glutarate (pentanedioate)",0.287154210798076,0.714812712500777,0.757031766983476,"Amino acid","Lysine metabolism"
"glutaroyl carnitine",-1.07053440253113,5.32697392362837e-14,1.84839577109032e-13,"Amino acid","Lysine metabolism"
"glutathione, oxidized (GSSG)",4.83585851899333,1.11685205736072e-10,2.96454739649665e-10,"Amino acid","Glutathione metabolism"
"glutathione, reduced (GSH)",5.21316176200681,6.79384205899198e-19,3.20758444752408e-18,"Amino acid","Glutathione metabolism"
"glycerate",-0.230129645674694,0.00254215348597748,0.00376421698694867,"Carbohydrate","Glycolysis, gluconeogenesis, pyruvate metabolism"
"glycerol",0.0128158825342008,0.385617180584177,0.435501568097464,"Lipid","Glycerolipid metabolism"
"glycerol 2-phosphate",0.663263571327808,0.000372540973063835,0.0006065491024909,"Xenobiotics","Chemical"
"glycerol 3-phosphate (G3P)",-0.230448433465414,0.00845660059511864,0.0119387302519322,"Lipid","Glycerolipid metabolism"
"glycerophosphoethanolamine",-1.29772930543668,6.68363508165026e-17,2.74983843359325e-16,"Lipid","Glycerolipid metabolism"
"glycerophosphorylcholine (GPC)",0.658907647333651,6.56297099999032e-09,1.57511303999768e-08,"Lipid","Glycerolipid metabolism"
"glycine",-0.239839919356996,0.00247267873118723,0.00368026601851122,"Amino acid","Glycine, serine and threonine metabolism"
"glycocholenate sulfate*",-0.159334214435568,0.0106095067515825,0.0149050631436867,"Lipid","Bile acid metabolism"
"glycolate (hydroxyacetate)",-0.498694396616061,6.90520093959458e-14,2.35348860426419e-13,"Xenobiotics","Chemical"
"glycolithocholate sulfate*",-0.539004434101431,0.00100003800003564,0.00155261964426018,"Lipid","Bile acid metabolism"
"glycylglycine",-1.45338079593192,1.26810856496944e-26,9.75264477576617e-26,"Peptide","Dipeptide"
"glycylisoleucine",-0.264096678700779,0.000175066035382156,0.000295712716657249,"Peptide","Dipeptide"
"glycylleucine",0.187121137089797,0.724672259604987,0.764489416726141,"Peptide","Dipeptide"
"glycyllysine",0.17330659522644,0.449033086698704,0.49643581178206,"Peptide","Dipeptide"
"glycylmethionine",0.782553085222369,0.00331190755287165,0.00482951582393436,"Peptide","Dipeptide"
"glycylphenylalanine",1.12297554599841,5.89586283559843e-10,1.51607901486817e-09,"Peptide","Dipeptide"
"glycylproline",0.772008093783998,2.32094824549214e-14,8.40796345536775e-14,"Peptide","Dipeptide"
"glycylthreonine",-1.76668180374759,9.26750559512731e-29,8.47314797268783e-28,"Peptide","Dipeptide"
"glycyltryptophan",0.504224741603777,0.753455622967658,0.788839582005341,"Peptide","Dipeptide"
"glycyltyrosine",0.597279100785929,9.50999548088029e-06,1.7334675306921e-05,"Peptide","Dipeptide"
"glycylvaline",-1.32272884848717,3.45888839078885e-24,2.0539378485509e-23,"Peptide","Dipeptide"
"guanidinoacetate",-1.09200664172486,1.35039916191452e-12,4.1155022077395e-12,"Amino acid","Guanidino and acetamido metabolism"
"guanine",-0.172226956142581,0.00387077200747321,0.00558788139424703,"Nucleotide","Purine metabolism, guanine containing"
"guanosine",0.879148565040229,8.64747071907889e-16,3.38839668992479e-15,"Nucleotide","Purine metabolism, guanine containing"
"guanosine 5'- monophosphate (5'-GMP)",1.58833645784218,1.09410109720336e-10,2.91760292587562e-10,"Nucleotide","Purine metabolism, guanine containing"
"gulono-1,4-lactone",-1.00136232757118,1.63504961768301e-18,7.41565810854655e-18,"Cofactors and vitamins","Ascorbate and aldarate metabolism"
"heme",1.39434722928029,2.89332935240343e-05,5.0965067491877e-05,"Cofactors and vitamins","Hemoglobin and porphyrin metabolism"
"hexanoylcarnitine",0.601078971496138,2.1969899439414e-06,4.27522367469678e-06,"Lipid","Carnitine metabolism"
"hippurate",-3.32740633438583,3.18349519303143e-35,5.91513945543904e-34,"Xenobiotics","Benzoate metabolism"
"histamine",1.30813160085956,5.47073865121073e-08,1.20272727599137e-07,"Amino acid","Histidine metabolism"
"histidine",-1.01449619851538,2.51151910603952e-27,2.15915672399816e-26,"Amino acid","Histidine metabolism"
"histidylleucine",1.65006571428218,6.40930008339334e-16,2.52860058084559e-15,"Peptide","Dipeptide"
"histidylmethionine",1.20419640235661,0.00128078037125734,0.00197734768902992,"",""
"histidylphenylalanine",1.30282195470734,6.03708699621784e-06,1.13639284634689e-05,"Peptide","Dipeptide"
"histidyltryptophan",0.8129081933013,0.000499418648155029,0.000799069837048046,"Peptide","Dipeptide"
"histidyltyrosine",1.0533748362432,0.000341913643484316,0.000559495052974335,"Peptide","Dipeptide"
"homocysteine",-0.0151812816504999,0.0520350343361095,0.0672021968107602,"Amino acid","Cysteine, methionine, SAM, taurine metabolism"
"homoserine",0.992932140356003,2.19675940620216e-07,4.58454136946537e-07,"Amino acid","Glycine, serine and threonine metabolism"
"homostachydrine*",0.662719544894017,5.11411024104745e-07,1.04089310913192e-06,"Xenobiotics","Food component/Plant"
"hydantoin-5-propionic acid",0,NA,NA,"Amino acid","Histidine metabolism"
"hydrochlorothiazide",-0.017082685491895,0.320855819125686,0.367889994669247,"Xenobiotics","Drug"
"hypotaurine",0.774922461014678,0.0130529145271634,0.0182045490742036,"Amino acid","Cysteine, methionine, SAM, taurine metabolism"
"hypoxanthine",-0.763591455983142,2.07636972049096e-26,1.53331917820871e-25,"Nucleotide","Purine metabolism, (hypo)xanthine/inosine containing"
"imidazole propionate",-0.17429171153547,0.000763054459736072,0.00120087259237152,"Amino acid","Histidine metabolism"
"indoleacetate",-2.31302818366904,4.61327209822826e-34,7.38123535716521e-33,"Amino acid","Tryptophan metabolism"
"indolelactate",-0.225336689175359,0.556340902649355,0.611375460905423,"Amino acid","Tryptophan metabolism"
"inosine",0.343091275670943,2.53664591253001e-10,6.58156777305083e-10,"Nucleotide","Purine metabolism, (hypo)xanthine/inosine containing"
"inositol 1-phosphate (I1P)",-1.33510350614756,6.25769014000667e-23,3.40040520815456e-22,"Lipid","Inositol metabolism"
"Isobar: fructose 1,6-diphosphate, glucose 1,6-diphosphate, myo-inositol 1,4 or 1,3-diphosphate",1.59345230149453,1.00543297452269e-10,2.70621211834144e-10,"Carbohydrate","Glycolysis, gluconeogenesis, pyruvate metabolism"
"Isobar: ribulose 5-phosphate, xylulose 5-phosphate",1.10947235283792,8.2480794446284e-19,3.86251525211867e-18,"Carbohydrate","Nucleotide sugars, pentose metabolism"
"isobutyrylcarnitine",-0.594984257286614,1.06822352325064e-15,4.15741046886737e-15,"Amino acid","Valine, leucine and isoleucine metabolism"
"isoleucine",-0.858912843009628,8.92989542183054e-24,5.14361976297439e-23,"Amino acid","Valine, leucine and isoleucine metabolism"
"isoleucylalanine",1.02481055684967,0.0352179002382498,0.047066149738357,"Peptide","Dipeptide"
"isoleucylarginine",0.0401529030066243,0.0187708187711412,0.0257428371718508,"Peptide","Dipeptide"
"isoleucylglutamate",0.363754893190325,0.401921451615521,0.450402249281207,"Peptide","Dipeptide"
"isoleucylglycine",-0.314627394817651,3.21410449656829e-06,6.19171969907469e-06,"Peptide","Dipeptide"
"isoleucylhistidine",-0.481350750408844,0.00276755731812803,0.00406661483480037,"Peptide","Dipeptide"
"isoleucylisoleucine",1.19798230935761,0.0476334609558459,0.0620743744582969,"Peptide","Dipeptide"
"isoleucylmethionine",1.97251480323185,0.00161328052673523,0.00245184586648943,"Peptide","Dipeptide"
"isoleucylphenylalanine",1.58146264322665,0.216840552112616,0.256996209911249,"Peptide","Dipeptide"
"isoleucylserine",0.960065320827191,0.0708997038387233,0.0899520471610233,"Peptide","Dipeptide"
"isoleucyltryptophan",1.62654930808582,0.00367263361889533,0.00531516825247163,"Peptide","Dipeptide"
"isoleucyltyrosine",1.9836378161624,2.5241168681471e-06,4.87882991964003e-06,"Peptide","Dipeptide"
"isoleucylvaline",0.870644038418713,0.44577650876424,0.493783209708082,"Peptide","Dipeptide"
"isovalerylcarnitine",-1.83133254206156,7.66071708581984e-30,7.74135621303899e-29,"Amino acid","Valine, leucine and isoleucine metabolism"
"kynurenine",2.99057403797956,1.08866450748364e-33,1.69478582786642e-32,"Amino acid","Tryptophan metabolism"
"L-urobilin",-1.76859927396327,1.86038571021768e-06,3.64483730981422e-06,"Cofactors and vitamins","Hemoglobin and porphyrin metabolism"
"lactate",0.569311388834943,7.12211990729642e-09,1.68820620024804e-08,"Carbohydrate","Glycolysis, gluconeogenesis, pyruvate metabolism"
"laurate (12:0)",-0.330715138985676,1.70956691850879e-07,3.6336182474578e-07,"Lipid","Medium chain fatty acid"
"laurylcarnitine",1.40655608083065,8.50330784203678e-19,3.91832425361055e-18,"Lipid","Carnitine metabolism"
"leucine",-0.772098795542399,3.37862798210136e-22,1.7375801050807e-21,"Amino acid","Valine, leucine and isoleucine metabolism"
"leucylalanine",1.35080586561964,3.40738479928579e-06,6.52044400129107e-06,"Peptide","Dipeptide"
"leucylarginine",0.654929559554821,0.0731304104512547,0.0925782778459839,"Peptide","Dipeptide"
"leucylasparagine",1.03762467136102,0.00176512969596377,0.0026755650128293,"Peptide","Dipeptide"
"leucylglutamate",1.45393360027169,8.98435544621853e-06,1.64808558503881e-05,"Peptide","Dipeptide"
"leucylglycine",1.34121882719899,0.000196484686544035,0.000328043998403954,"Peptide","Dipeptide"
"leucylhistidine",1.02901098097499,2.10585335402317e-11,5.91693430203584e-11,"Peptide","Dipeptide"
"leucylleucine",1.81674882558111,2.32285391624954e-08,5.20608504186668e-08,"Peptide","Dipeptide"
"leucylmethionine",0.149260830993288,0.00196046202997064,0.00295608934362065,"Peptide","Dipeptide"
"leucylphenylalanine",1.09517065534703,0.00681306208063924,0.00966582206514335,"Peptide","Dipeptide"
"leucylserine",2.0925345794487,1.26781849946508e-09,3.18892338730082e-09,"Peptide","Dipeptide"
"leucyltryptophan",0.267245441096069,0.34198242971142,0.389292252003514,"Peptide","Dipeptide"
"leucyltyrosine",0.964003784243242,0.0172468625083842,0.0237092907036499,"Peptide","Dipeptide"
"lidocaine",0.462019439678822,0.714974446595505,0.757031766983476,"Xenobiotics","Drug"
"linoleate (18:2n6)",0.434312717594668,2.08199189225333e-08,4.70285227426634e-08,"Lipid","Essential fatty acid"
"linolenate [alpha or gamma; (18:3n3 or 6)]",0.747432488941389,2.02770539076547e-08,4.59826104362563e-08,"Lipid","Essential fatty acid"
"lipitor",0,NA,NA,"Xenobiotics","Drug"
"lysine",-0.638796311789671,3.98988649301038e-14,1.40132598778901e-13,"Amino acid","Lysine metabolism"
"lysylleucine",1.34926001100435,0.000133829779099466,0.00022672339047439,"Peptide","Dipeptide"
"lysyllysine",0.243199084440953,0.0147577632211725,0.0204830641334828,"",""
"lysylmethionine",0.368062029925214,0.0412736837316129,0.0545267014435987,"Peptide","Dipeptide"
"lysyltyrosine",2.24807380595004,5.51259451017283e-17,2.28435571069032e-16,"Peptide","Dipeptide"
"malate",-1.02606343633619,6.21842679053906e-22,3.141941957325e-21,"Energy","Krebs cycle"
"malonylcarnitine",-1.46381294011848,2.33049793517183e-34,4.06777821411811e-33,"Lipid","Fatty acid synthesis"
"maltohexaose",0.684456305616783,1.86025700783432e-14,6.78169643362386e-14,"Carbohydrate","Fructose, mannose, galactose, starch, and sucrose metabolism"
"maltopentaose",2.01861027071731,1.78262619065138e-18,7.95963322337359e-18,"Carbohydrate","Fructose, mannose, galactose, starch, and sucrose metabolism"
"maltose",4.09256905638691,1.88508582657089e-42,2.17161887220967e-40,"Carbohydrate","Fructose, mannose, galactose, starch, and sucrose metabolism"
"maltotetraose",3.64230939648195,8.19364953845366e-37,1.88781685365972e-35,"Carbohydrate","Oligosaccharide"
"maltotriose",4.3214582839878,5.35023257211444e-41,3.08173396153792e-39,"Carbohydrate","Fructose, mannose, galactose, starch, and sucrose metabolism"
"mannitol",-1.94459742398947,0.00051386662904583,0.00081990908124764,"Carbohydrate","Fructose, mannose, galactose, starch, and sucrose metabolism"
"mannose",1.06933944469862,1.94707348624872e-05,3.46146397555328e-05,"Carbohydrate","Fructose, mannose, galactose, starch, and sucrose metabolism"
"mannose-6-phosphate",3.10091306748192,3.09852321852103e-34,5.09928392533747e-33,"Carbohydrate","Fructose, mannose, galactose, starch, and sucrose metabolism"
"margarate (17:0)",0.222156880496243,0.000588572282793801,0.000931367128816565,"Lipid","Long chain fatty acid"
"metformin",-0.0683590787161352,0.032492389245846,0.0436261450014157,"Xenobiotics","Drug"
"methionine",-1.04019928604502,6.70062443182164e-26,4.70678008869423e-25,"Amino acid","Cysteine, methionine, SAM, taurine metabolism"
"methionylalanine",2.74920090922444,1.58793528126806e-08,3.67329607233093e-08,"Peptide","Dipeptide"
"methionylasparagine",0.942466774590713,0.000372774969239199,0.0006065491024909,"Peptide","Dipeptide"
"methionylaspartate",0.778094099665834,0.20855942229127,0.247691190185096,"",""
"methionylglutamate",0.983690427012494,0.00018081994973661,0.000303650994309876,"Peptide","Dipeptide"
"methionylglycine",1.33265884884972,1.83619991106228e-05,3.28463089680706e-05,"Peptide","Dipeptide"
"methionylleucine",1.76398044168031,0.000102254558183771,0.000176343190161234,"Peptide","Dipeptide"
"methionylphenylalanine",0.548134019624594,0.923092338180415,0.947773951500747,"Peptide","Dipeptide"
"methyl-alpha-glucopyranoside",2.21134665622246,7.37194197252806e-31,8.01177089844559e-30,"Xenobiotics","Chemical"
"methylglutaroylcarnitine",-0.960979205301425,3.92277984575168e-23,2.17261652995478e-22,"Amino acid","Valine, leucine and isoleucine metabolism"
"methylphosphate",-0.627543054250771,1.92321533032756e-08,4.37854557418448e-08,"Nucleotide","Purine and pyrimidine metabolism"
"metoprolol",-0.342044364332246,0.613006462740939,0.661220454192474,"Xenobiotics","Drug"
"metoprolol acid metabolite*",-1.94383966151004,0.0896353514130879,0.112034600303946,"Xenobiotics","Drug"
"myo-inositol",-1.62256235309323,1.26987562184455e-26,9.75264477576617e-26,"Lipid","Inositol metabolism"
"myristate (14:0)",-0.0735902433400297,0.0668366509784017,0.0851723693884057,"Lipid","Long chain fatty acid"
"myristoleate (14:1n5)",-0.495156570743357,5.41560211632632e-13,1.69531892337172e-12,"Lipid","Long chain fatty acid"
"myristoylcarnitine",0.847342152266284,2.89543878027526e-09,7.12723392067755e-09,"Lipid","Carnitine metabolism"
"N-6-trimethyllysine",-0.611620432922621,2.18687200022048e-11,6.11474889382038e-11,"Amino acid","Lysine metabolism"
"N-acetyl-aspartyl-glutamate (NAAG)",-2.80822665635809,2.13650809086072e-44,1.23062866033577e-41,"Amino acid","Glutamate metabolism"
"N-acetylalanine",-1.19180823510348,1.10172641205258e-29,1.05811518716087e-28,"Amino acid","Alanine and aspartate metabolism"
"N-acetylarginine",2.20995013893424,2.40971053179256e-07,5.01080601556865e-07,"Amino acid","Urea cycle; arginine-, proline-, metabolism"
"N-acetylasparagine",1.20179396578937,8.52058082041182e-06,1.57808828056502e-05,"Amino acid","Alanine and aspartate metabolism"
"N-acetylaspartate (NAA)",-3.7086382515869,2.52384832324585e-43,5.62084277472125e-41,"Amino acid","Alanine and aspartate metabolism"
"N-acetylglucosamine",-0.616048437644549,0.139758801855059,0.168060688660781,"Carbohydrate","Aminosugars metabolism"
"N-acetylglucosamine 6-phosphate",0.987928059042716,3.83588110212181e-15,1.48286410390749e-14,"Carbohydrate","Aminosugars metabolism"
"N-acetylglutamine",2.7155566662848,1.05659880771731e-25,7.16001074406086e-25,"Amino acid","Glutamate metabolism"
"N-acetylglycine",0.181578403486883,0.285455033666881,0.332165857357825,"Amino acid","Glycine, serine and threonine metabolism"
"N-acetylisoleucine",0.393332074621399,0.00262117376504606,0.00387127202222188,"Amino acid","Valine, leucine and isoleucine metabolism"
"N-acetylleucine",1.06470937754402,8.63981549785183e-07,1.746152184829e-06,"Amino acid","Valine, leucine and isoleucine metabolism"
"N-acetylmethionine",1.29751204603959,2.7034440799734e-22,1.40286827933755e-21,"Amino acid","Cysteine, methionine, SAM, taurine metabolism"
"N-acetylneuraminate",1.31964286628241,3.5429316103384e-30,3.64415822777664e-29,"Carbohydrate","Aminosugars metabolism"
"N-acetylornithine",0.153754267601882,0.738150419163549,0.777284536450099,"Amino acid","Urea cycle; arginine-, proline-, metabolism"
"N-acetylphenylalanine",-0.344876284259494,2.59095017406314e-05,4.5778751541729e-05,"Amino acid","Phenylalanine & tyrosine metabolism"
"N-acetylserine",-0.817860535573176,8.83491036935927e-17,3.55867718374192e-16,"Amino acid","Glycine, serine and threonine metabolism"
"N-acetylthreonine",0.357223820182425,0.00244937186979856,0.00365502123576159,"Amino acid","Glycine, serine and threonine metabolism"
"N-acetyltryptophan",-3.3838211129076,0.806113323913234,0.838125044357442,"Amino acid","Tryptophan metabolism"
"N-acetyltyrosine",0.110200681410994,0.237009113014948,0.279029761085672,"Amino acid","Phenylalanine & tyrosine metabolism"
"N-acetylvaline",-0.0243592371406676,0.106113345000899,0.131161559486089,"Amino acid","Valine, leucine and isoleucine metabolism"
"N-methylglutamate",-1.70753496644508,1.76423242727999e-09,4.39912501347737e-09,"Amino acid","Glutamate metabolism"
"N1-Methyl-2-pyridone-5-carboxamide",-0.603918909034168,7.78006242032197e-13,2.40930965274487e-12,"Cofactors and vitamins","Nicotinate and nicotinamide metabolism"
"N1-methyladenosine",-1.74065734589067,4.27878606619409e-37,1.07155685831643e-35,"Nucleotide","Purine metabolism, adenine containing"
"N1-methylguanosine",-2.40132146090967,3.04074786369947e-39,1.03027692322994e-37,"Nucleotide","Purine metabolism, guanine containing"
"N2-acetyllysine",1.23942192827751,0.616427292541687,0.663667514960769,"Amino acid","Lysine metabolism"
"N2-methylguanosine",-2.00136883621843,6.88762797734586e-36,1.41688346962543e-34,"Nucleotide","Purine metabolism, guanine containing"
"N2,N2-dimethylguanosine",-2.24135079623219,7.48527950293362e-42,6.15931570527109e-40,"Nucleotide","Purine metabolism, guanine containing"
"N6-acetyllysine",-2.21288080244369,2.01370254448229e-36,4.46112563700693e-35,"Amino acid","Lysine metabolism"
"N6-carbamoylthreonyladenosine",-1.2834421480254,2.85888752805079e-32,3.82957957245874e-31,"Nucleotide","Purine metabolism, guanine containing"
"naproxen",0,NA,NA,"Xenobiotics","Drug"
"nervonate (24:1n9)",1.96027081510301,3.89646879904378e-18,1.7002772941282e-17,"Lipid","Long chain fatty acid"
"nicotinamide",-0.202265492541493,0.00551885757264796,0.00786847020258719,"Cofactors and vitamins","Nicotinate and nicotinamide metabolism"
"nicotinamide adenine dinucleotide (NAD+)",-0.956800335484357,2.9079587085612e-13,9.46318766175848e-13,"Cofactors and vitamins","Nicotinate and nicotinamide metabolism"
"nicotinamide adenine dinucleotide reduced (NADH)",0.433645452547531,0.64184154049544,0.688455730587288,"Cofactors and vitamins","Nicotinate and nicotinamide metabolism"
"nicotinamide ribonucleotide (NMN)",-0.909383308789936,1.32225628012172e-06,2.63536199775124e-06,"Cofactors and vitamins","Nicotinate and nicotinamide metabolism"
"nicotinamide riboside*",0.302702245486165,0.919666987577198,0.94594318722226,"Cofactors and vitamins","Nicotinate and nicotinamide metabolism"
"nicotinate",0.133492685636986,0.156204478687887,0.187445374425464,"Cofactors and vitamins","Nicotinate and nicotinamide metabolism"
"nicotinate adenine dinucleotide (NAAD+)",0,NA,NA,"Cofactors and vitamins","Nicotinate and nicotinamide metabolism"
"octanoylcarnitine",1.11302209856391,1.79668584269502e-13,5.91366311652759e-13,"Lipid","Carnitine metabolism"
"oleate (18:1n9)",0.607014707743249,1.21401386341966e-06,2.43648775376211e-06,"Lipid","Long chain fatty acid"
"oleoylcarnitine",0.8787132355558,6.32813237986716e-13,1.97027256800188e-12,"Lipid","Carnitine metabolism"
"ophthalmate",0.763082107239873,1.72964722363114e-08,3.96923028211769e-08,"Amino acid","Glutathione metabolism"
"ornithine",0.239406221870563,0.32126504742818,0.367889994669247,"Amino acid","Urea cycle; arginine-, proline-, metabolism"
"p-acetamidophenylglucuronide",-0.865287995521459,0.0420809429454011,0.0554659568342129,"Xenobiotics","Drug"
"p-cresol sulfate",-0.858420791461246,3.68431685692861e-06,7.02704142248636e-06,"Amino acid","Phenylalanine & tyrosine metabolism"
"palmitate (16:0)",0.195592587026355,0.000394762959979318,0.000638717598168784,"Lipid","Long chain fatty acid"
"palmitoleate (16:1n7)",0.511619533216305,5.27163797351799e-08,1.16339596656949e-07,"Lipid","Long chain fatty acid"
"palmitoyl sphingomyelin",-0.112471688283518,0.225147808284361,0.266293916985199,"Lipid","Sphingolipid"
"palmitoylcarnitine",0.50306664410541,6.30680836861297e-08,1.38126297350611e-07,"Lipid","Carnitine metabolism"
"pantothenate",-2.22377868117029,4.97891975489518e-40,1.91190518587975e-38,"Cofactors and vitamins","Pantothenate and CoA metabolism"
"paroxetine",0.00178392106735496,0.320855819125686,0.367889994669247,"Xenobiotics","Drug"
"pelargonate (9:0)",-0.180972245744841,1.25192959716679e-06,2.50385919433359e-06,"Lipid","Medium chain fatty acid"
"penicillin G",0.0196050370518832,0.669026325678792,0.713628080724045,"Xenobiotics","Drug"
"pentadecanoate (15:0)",0.358432073462999,5.15334583006186e-06,9.7322203216906e-06,"Lipid","Long chain fatty acid"
"phenol red",-0.597788612492163,0.740400543399651,0.778231228098904,"Xenobiotics","Chemical"
"phenol sulfate",-0.955857964003334,1.31246110655758e-08,3.07307966413481e-08,"Amino acid","Phenylalanine & tyrosine metabolism"
"phenylacetylglutamine",-3.24400560981275,8.51771620055199e-41,4.46018593774359e-39,"Amino acid","Phenylalanine & tyrosine metabolism"
"phenylalanine",-0.766713316880329,6.50139853237805e-22,3.25635265621718e-21,"Amino acid","Phenylalanine & tyrosine metabolism"
"phenylalanylalanine",3.01963997441837,1.82766634952002e-30,1.91406512240643e-29,"Peptide","Dipeptide"
"phenylalanylarginine",0.298896865998017,0.585221572244604,0.633623356415211,"Peptide","Dipeptide"
"phenylalanylaspartate",1.96646145981667,6.7443187183188e-17,2.7551259445047e-16,"Peptide","Dipeptide"
"phenylalanylglutamate",1.8040409243758,1.45168617723685e-14,5.32593145279252e-14,"Peptide","Dipeptide"
"phenylalanylglycine",1.52539799236101,1.37380427803926e-11,3.93687196094832e-11,"Peptide","Dipeptide"
"phenylalanylleucine",2.13069554945678,1.70619401409444e-13,5.64809052941609e-13,"Peptide","Dipeptide"
"phenylalanylmethionine",1.3409188274892,1.93633320964467e-07,4.08545028848107e-07,"Peptide","Dipeptide"
"phenylalanylphenylalanine",1.47061773719445,1.99228061421259e-09,4.92512289178735e-09,"Peptide","Dipeptide"
"phenylalanylproline",1.43872924499716,3.21836529787413e-11,8.82751624559762e-11,"Peptide","Dipeptide"
"phenylalanylserine",2.19924210058017,2.56187432127357e-25,1.67686319210634e-24,"Peptide","Dipeptide"
"phenylalanyltryptophan",0.643194653396757,0.108245322345175,0.133510290515677,"Peptide","Dipeptide"
"phenylalanyltyrosine",1.54948056885009,1.11243163970972e-09,2.81035361610878e-09,"Peptide","Dipeptide"
"phenylalanylvaline",1.28952331386815,0.000259882778200117,0.000428918281499333,"Peptide","Dipeptide"
"phosphate",-0.329498204908192,8.48447945870408e-08,1.83035961356313e-07,"Energy","Oxidative phosphorylation"
"phosphoenolpyruvate (PEP)",-1.45819838785521,9.33691762884397e-15,3.51507487203538e-14,"Carbohydrate","Glycolysis, gluconeogenesis, pyruvate metabolism"
"phosphoethanolamine",-0.129148470891703,0.000413425211610366,0.000665175759462488,"Lipid","Glycerolipid metabolism"
"phytosphingosine",-0.314255936653499,0.266257186515398,0.310453723548319,"Lipid","Sphingolipid"
"pipecolate",0.366191621852741,0.658320103323701,0.703510908190078,"Amino acid","Lysine metabolism"
"piperine",0.0993193749843173,0.724260323951952,0.764489416726141,"Xenobiotics","Food component/Plant"
"pivaloylcarnitine",-1.25586348051692,3.25968390044377e-11,8.89847358604556e-11,"Xenobiotics","Drug"
"pregnanediol-3-glucuronide",-0.499706393334977,2.23160023022986e-08,5.02110051801718e-08,"Lipid","Sterol/Steroid"
"pregnen-diol disulfate*",-0.599494888552734,0.0168708261803251,0.0232478370331752,"Lipid","Sterol/Steroid"
"pro-hydroxy-pro",-1.22400741276081,2.22052924004685e-31,2.66463508805623e-30,"Peptide","Dipeptide"
"proline",-1.01020847705855,1.07115300263162e-27,9.49206353101253e-27,"Amino acid","Urea cycle; arginine-, proline-, metabolism"
"prolylglycine",-1.15826832499221,2.7681582407562e-20,1.33988163586182e-19,"Peptide","Dipeptide"
"prolylmethionine",0.845531270343973,0.689633109459809,0.732894227027399,"",""
"propionylcarnitine",-0.169642335391944,0.000182721330089315,0.000305951994568156,"Lipid","Fatty acid metabolism (also BCAA metabolism)"
"prostaglandin A2",-0.633953446541291,0.0369943634569073,0.0493258179425431,"Lipid","Eicosanoid"
"prostaglandin E2",-0.910057610653934,0.0504440662207088,0.0652938924564681,"Lipid","Eicosanoid"
"pseudouridine",-1.81064417353235,2.14696512255959e-40,9.61027438904219e-39,"Nucleotide","Pyrimidine metabolism, uracil containing"
"putrescine",2.27831154091847,1.74146266682902e-18,7.83658200073057e-18,"Amino acid","Polyamine metabolism"
"pyridoxal",-1.48411615726356,4.57186522909802e-32,5.85198749324547e-31,"Cofactors and vitamins","Pyridoxal metabolism"
"pyridoxate",-1.68951831833737,3.43328166409724e-33,4.94392559630003e-32,"Cofactors and vitamins","Vitamin B6 metabolism"
"pyroglutamine*",1.86682881346173,1.14772620286461e-12,3.5164377279256e-12,"Amino acid","Glutamate metabolism"
"pyrophosphate (PPi)",-0.476724194057239,0.00321623264017802,0.00470190355518411,"Energy","Oxidative phosphorylation"
"quebrachitol",0.102832037701491,0.558304674368494,0.611375460905423,"Xenobiotics","Food component/Plant"
"quinate",-1.22128112419715,8.90217279777172e-06,1.6382273263631e-05,"Xenobiotics","Food component/Plant"
"quinidine",-0.0751897799630568,0.654720877989494,0.700965103572395,"Xenobiotics","Drug"
"quinolinate",1.16161495916754,0.0190991394470676,0.0261308891247291,"Cofactors and vitamins","Nicotinate and nicotinamide metabolism"
"ranitidine",-0.217944574656974,0.0244945524026161,0.0331973227856632,"Xenobiotics","Drug"
"ribitol",0.219188798610149,0.000819552502431839,0.00128338543152943,"Carbohydrate","Nucleotide sugars, pentose metabolism"
"riboflavin (Vitamin B2)",-1.22858815655912,9.42407854116913e-26,6.46222528537312e-25,"Cofactors and vitamins","Riboflavin metabolism"
"ribose",0.250858987097088,0.946510188821297,0.968365663874009,"Carbohydrate","Nucleotide sugars, pentose metabolism"
"ribulose",0.698803836918727,6.92947352107225e-10,1.7739452213945e-09,"Carbohydrate","Nucleotide sugars, pentose metabolism"
"S-adenosylhomocysteine (SAH)",1.06463692731149,3.13680769838145e-13,1.00984767814295e-12,"Amino acid","Cysteine, methionine, SAM, taurine metabolism"
"S-adenosylmethionine (SAM)",0.299953561337552,0.419894304862153,0.468719224032171,"Amino acid","Cysteine, methionine, SAM, taurine metabolism"
"S-methylcysteine",-0.28787280167331,0.00128390283975207,0.00197734768902992,"Amino acid","Cysteine, methionine, SAM, taurine metabolism"
"saccharopine",2.50470806052148,1.0795897348294e-09,2.73939950335567e-09,"Amino acid","Lysine metabolism"
"salicylate",0,NA,NA,"Xenobiotics","Drug"
"sarcosine (N-Methylglycine)",1.49911326709084,8.38399886008587e-19,3.89450269629796e-18,"Amino acid","Glycine, serine and threonine metabolism"
"scyllo-inositol",-2.08630180295112,8.88281559684272e-29,8.25242223190549e-28,"Lipid","Inositol metabolism"
"sedoheptulose-7-phosphate",0.618034031067203,1.33657219501149e-05,2.413371737701e-05,"Carbohydrate","Nucleotide sugars, pentose metabolism"
"serine",-1.57767235890673,1.10220331995924e-29,1.05811518716087e-28,"Amino acid","Glycine, serine and threonine metabolism"
"serylisoleucine*",0.325925119987231,0.178559472667223,0.212500529455207,"Peptide","Dipeptide"
"serylleucine",2.12340587633482,4.11282226124047e-13,1.31610312359695e-12,"Peptide","Dipeptide"
"serylphenyalanine",1.48170675474807,2.3430363272316e-10,6.13449511129729e-10,"Peptide","Dipeptide"
"serylvaline",0.688733151076619,0.0758393110430007,0.0955874029776114,"Peptide","Dipeptide"
"sorbitol",1.79441072570929,1.32488192382313e-10,3.50060545010147e-10,"Carbohydrate","Fructose, mannose, galactose, starch, and sucrose metabolism"
"sorbitol 6-phosphate",0.553157910641128,1.25825971229244e-05,2.27911193169952e-05,"Carbohydrate","Fructose, mannose, galactose, starch, and sucrose metabolism"
"spermidine",0.78235420060256,4.9506297163596e-13,1.57544901470891e-12,"Amino acid","Polyamine metabolism"
"spermine",0.204327359999557,9.54927708700056e-05,0.000165176684748118,"Amino acid","Polyamine metabolism"
"sphinganine",1.15007951076453,1.11958711124195e-07,2.39733150957383e-07,"Lipid","Sphingolipid"
"sphingosine",1.35279955020577,1.8290081004687e-10,4.81054185328753e-10,"Lipid","Sphingolipid"
"squalene",-0.737494021314475,5.47199722867891e-10,1.41339479987401e-09,"Lipid","Sterol/Steroid"
"stachydrine",0.389650108011687,0.0307744572483267,0.0416105337442164,"Xenobiotics","Food component/Plant"
"stearate (18:0)",0.384874630061815,1.07601206298168e-10,2.88271138733695e-10,"Lipid","Long chain fatty acid"
"stearidonate (18:4n3)",1.00370318883414,1.64842409678957e-06,3.25168588955751e-06,"Lipid","Long chain fatty acid"
"stearoylcarnitine",0.173230175236064,0.129795801827857,0.157394488111254,"Lipid","Carnitine metabolism"
"streptomycin",0.00348389606117905,0.562272762821355,0.613388468532387,"Xenobiotics","Drug"
"succinate",1.01956582007363,2.22189699481036e-06,4.30913356569281e-06,"Energy","Krebs cycle"
"succinylcarnitine",-0.112892576154078,0.00762105242684355,0.0107855680537147,"Energy","Krebs cycle"
"tartarate",-2.51565178223192,1.09883821096038e-07,2.36168212504918e-07,"Xenobiotics","Food component/Plant"
"taurine",0.129166939036196,0.679451200871108,0.72340830259105,"Amino acid","Cysteine, methionine, SAM, taurine metabolism"
"testosterone",0.0232814314541119,0.393338574289511,0.44164331148296,"Lipid","Sterol/Steroid"
"theobromine",-0.347543492525184,0.0316261012801136,0.0426619071132212,"Xenobiotics","Xanthine metabolism"
"threitol",-0.788657163812374,1.21746250896021e-19,5.79552400959571e-19,"Carbohydrate","Nucleotide sugars, pentose metabolism"
"threonate",0.872499212023965,0.0462754879296007,0.060607150065251,"Cofactors and vitamins","Ascorbate and aldarate metabolism"
"threonine",-1.37030328171953,1.96079111136967e-26,1.46677361058303e-25,"Amino acid","Glycine, serine and threonine metabolism"
"threonylglutamate",0.151127045857304,0.0535555290471753,0.0690111515238769,"Peptide","Dipeptide"
"threonylleucine",1.64567453976061,1.85245713878454e-06,3.6416904844365e-06,"Peptide","Dipeptide"
"threonylmethionine",0.86238969461348,0.0462971285220668,0.060607150065251,"Peptide","Dipeptide"
"threonylphenylalanine",2.47646321537844,4.93984095542724e-14,1.7244535698946e-13,"Peptide","Dipeptide"
"threonylvaline",0.813759273393843,0.0194437567528909,0.0265393457101071,"Peptide","Dipeptide"
"thymidine",-0.430553573726649,0.000204875703415839,0.000341064754819432,"Nucleotide","Pyrimidine metabolism, thymine containing"
"thymine",-0.341099962620885,0.0896665811460397,0.112034600303946,"Nucleotide","Pyrimidine metabolism, thymine containing"
"trans-4-hydroxyproline",-0.300710576781683,2.5370711723082e-05,4.49647075461391e-05,"Amino acid","Urea cycle; arginine-, proline-, metabolism"
"trans-urocanate",-0.992021818994282,7.93315752721153e-23,4.27055956605032e-22,"Amino acid","Histidine metabolism"
"triethyleneglycol",-0.178571691854708,0.293458419818026,0.340790423014482,"Xenobiotics","Chemical"
"trigonelline (N'-methylnicotinate)",-1.34044703989578,5.37931610162046e-13,1.6931617893625e-12,"Cofactors and vitamins","Nicotinate and nicotinamide metabolism"
"tryptophan",-1.71994265350046,5.23350326111713e-33,7.35243384976455e-32,"Amino acid","Tryptophan metabolism"
"tryptophan betaine ",1.53659137297229,3.79377808283141e-11,1.03076234703344e-10,"Amino acid","Tryptophan metabolism"
"tryptophylasparagine",1.14094390815399,0.000225244001645177,0.000373892060367786,"Peptide","Dipeptide"
"tryptophylglutamate",0.667318673308942,0.000819940692366026,0.00128338543152943,"Peptide","Dipeptide"
"tryptophylleucine",1.40626703151671,5.00074283996161e-08,1.10785687531457e-07,"Peptide","Dipeptide"
"tyrosine",-0.984098059920166,6.57130637848957e-27,5.25704510279165e-26,"Amino acid","Phenylalanine & tyrosine metabolism"
"tyrosylalanine",1.27359226964433,8.5240365909444e-12,2.49230714537258e-11,"Peptide","Dipeptide"
"tyrosylglutamine",1.0443204571412,2.22588538328348e-11,6.19376802304967e-11,"Peptide","Dipeptide"
"tyrosylglycine",0.476832377868923,1.37251846125274e-06,2.71673757278894e-06,"Peptide","Dipeptide"
"tyrosylhistidine",0.869135792844113,1.17027606107772e-05,2.1264322119267e-05,"Peptide","Dipeptide"
"tyrosylleucine",2.02297173691388,3.13824191645118e-13,1.00984767814295e-12,"Peptide","Dipeptide"
"tyrosyllysine",0.733471265610393,0.984116693839879,0.999737593742099,"Peptide","Dipeptide"
"tyrosylphenylalanine",1.27281326324582,1.81945503477084e-11,5.13728480405886e-11,"Peptide","Dipeptide"
"tyrosyltyrosine",1.04487764353457,0.00235844130266596,0.00352847322165089,"Peptide","Dipeptide"
"tyrosylvaline",1.64887647046217,5.96346416773168e-15,2.28997024040897e-14,"Peptide","Dipeptide"
"undecanedioate",0.482714219006561,3.71530877749496e-07,7.61572190689358e-07,"Lipid","Fatty acid, dicarboxylate"
"uracil",-0.592200981027585,5.46889527021827e-09,1.31802664252959e-08,"Nucleotide","Pyrimidine metabolism, uracil containing"
"urate",-0.42383866367257,4.40194897951773e-08,9.78966259537534e-08,"Nucleotide","Purine metabolism, urate metabolism"
"urea",-0.944978707111185,8.98992150236164e-12,2.61524989159611e-11,"Amino acid","Urea cycle; arginine-, proline-, metabolism"
"uridine",-0.161349490209066,0.00285955279213396,0.00419110027549405,"Nucleotide","Pyrimidine metabolism, uracil containing"
"uridine monophosphate (5' or 3')",1.48655370868064,2.50235673549764e-11,6.92960326753193e-11,"Nucleotide","Pyrimidine metabolism, uracil containing"
"valerylcarnitine",-0.847659760938603,1.44364020117878e-14,5.32593145279252e-14,"Lipid","Fatty acid metabolism"
"valine",-0.877971165560428,8.96410728376613e-26,6.22087445234855e-25,"Amino acid","Valine, leucine and isoleucine metabolism"
"valylalanine",0.863818712575649,0.26436648302474,0.308874430471095,"Peptide","Dipeptide"
"valylarginine",0.802339274073045,1.68942465641994e-05,3.03149097226755e-05,"Peptide","Dipeptide"
"valylasparagine",0.697763562960583,0.164951648731947,0.196712525195862,"Peptide","Dipeptide"
"valylaspartate",0.457633061434077,0.575745914851776,0.62453794153413,"Peptide","Dipeptide"
"valylglutamate",0.878762526173552,0.0139445025088669,0.0194010469688583,"Peptide","Dipeptide"
"valylglutamine",0.743913930966488,0.435881534457351,0.484686802794274,"Peptide","Dipeptide"
"valylglycine",-0.191407435539817,0.000308132064181949,0.000505652618144737,"Peptide","Dipeptide"
"valylhistidine",-0.286457356179931,0.00158990939289868,0.00242271907489323,"Peptide","Dipeptide"
"valylisoleucine",1.07483277356974,0.0977339533774605,0.121324907640985,"Peptide","Dipeptide"
"valylleucine",2.04558287330347,6.17878309252129e-06,1.15927656719618e-05,"Peptide","Dipeptide"
"valyllysine",0.167028807754793,0.0989564947193446,0.122578367652349,"Peptide","Dipeptide"
"valylmethionine",2.01309007599887,3.02397658316346e-09,7.40168236061411e-09,"Peptide","Dipeptide"
"valylphenylalanine",1.87062549001808,0.000118338424946899,0.000201651730231618,"Peptide","Dipeptide"
"valylserine",0.943451943109666,0.0484686303305895,0.063020160429841,"Peptide","Dipeptide"
"valyltryptophan",1.78436192610388,4.22530687992329e-06,8.03226654401259e-06,"Peptide","Dipeptide"
"valyltyrosine",1.65445299770327,5.96103160061508e-05,0.000104363349603474,"Peptide","Dipeptide"
"valylvaline",0.964908111100089,0.250560332734498,0.293338926128193,"Peptide","Dipeptide"
"vanillylmandelate (VMA)",-3.24408938450666,2.16898553919355e-40,9.61027438904219e-39,"Amino acid","Phenylalanine & tyrosine metabolism"
"venlafaxine",-0.00363227069728162,1,1,"Xenobiotics","Drug"
"xanthine",-0.602795984434038,9.71051111128555e-23,5.17893925935229e-22,"Nucleotide","Purine metabolism, (hypo)xanthine/inosine containing"
"xanthosine",-0.893109313123029,8.89269453567804e-19,4.06523178773853e-18,"Nucleotide","Purine metabolism, (hypo)xanthine/inosine containing"
"xylitol",-0.874711867490534,2.7063551464045e-14,9.68236375359621e-14,"Carbohydrate","Nucleotide sugars, pentose metabolism"
"xylonate",-0.0637920089542744,0.938016138162821,0.961383088223816,"Carbohydrate","Nucleotide sugars, pentose metabolism"
"xylose",-2.20524317644163,2.01119402284088e-06,3.92694154968254e-06,"Carbohydrate","Nucleotide sugars, pentose metabolism"
"xylulose",0.776641837976104,2.58339954661227e-12,7.79077559606633e-12,"Carbohydrate","Nucleotide sugars, pentose metabolism"
