PATHWAY SORTORDER,Metabolite,SUPER PATHWAY,SUB PATHWAY,COMP ID,PLATFORM,RI,MASS,CAS,PUBCHEM,KEGG,HMDB
986,"1,2-propanediol",Lipid,Ketone bodies,38002,GC/MS,1041,117,57-55-6;,,C00583,HMDB01881
600,"1,3-dihydroxyacetone",Carbohydrate,"Glycolysis, gluconeogenesis, pyruvate metabolism",35963,GC/MS,1263,103,62147-49-3;,670,C00184,HMDB01882
583,"1,5-anhydroglucitol (1,5-AG)",Carbohydrate,"Glycolysis, gluconeogenesis, pyruvate metabolism",20675,GC/MS,1788.7,217,154-58-5;,,C07326,HMDB02712
705,10-heptadecenoate (17:1n7),Lipid,Long chain fatty acid,33971,LC/MS Neg,5558,267.3,29743-97-3;,5312435,,
717,10-nonadecenoate (19:1n9),Lipid,Long chain fatty acid,33972,LC/MS Neg,5775,295.4,73033-09-7;,5312513,,
780,13-HODE + 9-HODE,Lipid,"Fatty acid, monohydroxy",37752,LC/MS Neg,5247,295.2,,,,
819,15-methylpalmitate (isobar with 2-methylpalmitate),Lipid,"Fatty acid, branched",38768,LC/MS Neg,5698,269.4,,,,
773,16-hydroxypalmitate,Lipid,"Fatty acid, monohydroxy",39609,LC/MS Neg,5232,271.3,506-13-8;,10466,C18218,
1025,1-arachidonoylglycerophosphocholine*,Lipid,Lysolipid,33228,LC/MS Pos,5554,544.3,,,C05208,
1000,1-arachidonoylglycerophosphoethanolamine*,Lipid,Lysolipid,35186,LC/MS Neg,5731,500.3,,,,HMDB11517
1040,1-arachidonoylglycerophosphoinositol*,Lipid,Lysolipid,34214,LC/MS Neg,5479,619.4,,,,
1060,1-arachidonylglycerol,Lipid,Monoacylglycerol,34397,GC/MS,2226,203.1,,5282281,C13857,HMDB11572
1029,1-docosahexaenoylglycerophosphocholine*,Lipid,Lysolipid,33822,LC/MS Pos,5518,568.4,,,,
1014,1-heptadecanoylglycerophosphocholine,Lipid,Lysolipid,33957,LC/MS Pos,5750,510.4,50930-23-9;,,,HMDB12108
994,1-heptadecanoylglycerophosphoethanolamine*,Lipid,Lysolipid,37419,LC/MS Neg,6029,466.3,,,,
1057,1-linoleoylglycerol (1-monolinolein),Lipid,Monoacylglycerol,27447,GC/MS,2181,395.3,2277-28-3;,5283469,,
1019,1-linoleoylglycerophosphocholine,Lipid,Lysolipid,34419,LC/MS Pos,5574,520.4,,11988421,C04100,
998,1-linoleoylglycerophosphoethanolamine*,Lipid,Lysolipid,32635,LC/MS Neg,5725,476.3,,,,HMDB11507
64,1-methylimidazoleacetate,Amino acid,Histidine metabolism,32350,LC/MS Pos,845,141.1,2625-49-2 ;,75810,C05828,HMDB02820
1007,1-myristoylglycerophosphocholine,Lipid,Lysolipid,35626,LC/MS Pos,5481,468.3,20559-16-4;,460604,,HMDB10379
988,1-myristoylglycerophosphoethanolamine,Lipid,Lysolipid,35627,LC/MS Pos,5481,426.1,,9547070,,HMDB11500
1055,1-oleoylglycerol (1-monoolein),Lipid,Monoacylglycerol,21184,GC/MS,2181.2,397.4,111-03-5;,5283468,,HMDB11567
1017,1-oleoylglycerophosphocholine,Lipid,Lysolipid,33960,LC/MS Pos,5700,522.4,19420-56-5;,16081932,,
996,1-oleoylglycerophosphoethanolamine,Lipid,Lysolipid,35628,LC/MS Neg,5928,478.3,89576-29-4;,9547071,,HMDB11506
1037,1-oleoylglycerophosphoinositol*,Lipid,Lysolipid,36602,LC/MS Neg,5577,597.4,,,,
1043,1-oleoylglycerophosphoserine,Lipid,Lysolipid,19260,LC/MS Neg,5690,522.3,,9547099,,
1012,1-palmitoleoylglycerophosphocholine*,Lipid,Lysolipid,33230,LC/MS Pos,5524,494.3,,,,
992,1-palmitoleoylglycerophosphoethanolamine*,Lipid,Lysolipid,34565,LC/MS Pos,5521.4,452.3,,,,
1051,1-palmitoylglycerol (1-monopalmitin),Lipid,Monoacylglycerol,21127,GC/MS,2119.5,371.3,542-44-9;,14900,,
1010,1-palmitoylglycerophosphocholine,Lipid,Lysolipid,33955,LC/MS Pos,5671,496.4,17364-16-8;,86554,,
990,1-palmitoylglycerophosphoethanolamine,Lipid,Lysolipid,35631,LC/MS Neg,5940,452.3,,9547069,,HMDB11503
1032,1-palmitoylglycerophosphoinositol*,Lipid,Lysolipid,35305,LC/MS Neg,5573,571.3,,,,
1045,1-palmitoylplasmenylethanolamine*,Lipid,Lysolipid,39270,LC/MS Neg,6153,436.4,,,,
1009,1-pentadecanoylglycerophosphocholine*,Lipid,Lysolipid,37418,LC/MS Pos,5563,482.3,,,,
1053,1-stearoylglycerol (1-monostearin),Lipid,Monoacylglycerol,21188,GC/MS,2186.6,399.4,123-94-4;,24699,D01947,
1015,1-stearoylglycerophosphocholine,Lipid,Lysolipid,33961,LC/MS Pos,5844,524.4,19420-57-6;,497299,,
995,1-stearoylglycerophosphoethanolamine,Lipid,Lysolipid,34416,LC/MS Pos,5842,482.3,69747-55-3;,9547068,,HMDB11130
1035,1-stearoylglycerophosphoinositol,Lipid,Lysolipid,19324,LC/MS Neg,5800,599.4,796963-93-4;,,,
77,2-aminoadipate,Amino acid,Lysine metabolism,6146,GC/MS,1686.5,260.1,542-32-5;1118-90-7;,469,C00956,HMDB00510
278,2-aminobutyrate,Amino acid,Butanoate metabolism,1577,GC/MS,1215.7,130,1492-24-6;,"4,396,916,971,251",C02261,HMDB00650
1026,2-arachidonoylglycerophosphocholine*,Lipid,Lysolipid,35256,LC/MS Pos,5524,544.3,,,,
1001,2-arachidonoylglycerophosphoethanolamine*,Lipid,Lysolipid,32815,LC/MS Neg,5674,500.3,,,,
1205,2'-deoxyadenosine 3'-monophosphate,Nucleotide,"Purine metabolism, adenine containing",40663,LC/MS Pos,1383.5,332.1,102832-10-0;,1467,,
1261,2'-deoxycytidine 3'-monophosphate,Nucleotide,"Pyrimidine metabolism, cytidine containing",40453,LC/MS Pos,1048,308,6220-63-9;,3274948,,
1225,2'-deoxyguanosine,Nucleotide,"Purine metabolism, guanine containing",1411,LC/MS Pos,1728,268,961-07-9;,187790,C00330,HMDB00085
1193,2'-deoxyinosine,Nucleotide,"Purine metabolism, (hypo)xanthine/inosine containing",15076,LC/MS Neg,1700,251.1,890-38-0;,65058,C05512,HMDB00071
1030,2-docosahexaenoylglycerophosphocholine*,Lipid,Lysolipid,35883,LC/MS Pos,5507,568.3,,,,
1004,2-docosahexaenoylglycerophosphoethanolamine*,Lipid,Lysolipid,34258,LC/MS Pos,5512,526.2,,,,
1028,2-docosapentaenoylglycerophosphocholine*,Lipid,Lysolipid,37366,LC/MS Pos,5532,570.3,,,,
1003,2-docosapentaenoylglycerophosphoethanolamine*,Lipid,Lysolipid,34875,LC/MS Pos,5548,528.2,,,,
1024,2-eicosatrienoylglycerophosphocholine*,Lipid,Lysolipid,35884,LC/MS Pos,5565,546.3,,,,
1471,2-ethylhexanoate,Xenobiotics,Chemical,1554,GC/MS,1210.5,201.2,149-57-5;,8697,,
1543,2-hydroxyacetaminophen sulfate*,Xenobiotics,Drug,33173,LC/MS Neg,1703,246.1,,,,
241,2-hydroxybutyrate (AHB),Amino acid,"Cysteine, methionine, SAM, taurine metabolism",21044,GC/MS,1169.4,130.9,3347-90-8;,440864,C05984,HMDB00008
786,2-hydroxyglutarate,Lipid,"Fatty acid, dicarboxylate",37253,GC/MS,1576,247,40951-21-1;,43,C02630,HMDB00606
1398,2-hydroxyhippurate (salicylurate),Xenobiotics,Benzoate metabolism,18281,LC/MS Neg,2252,194.1,487-54-7;,10253,C07588,HMDB00840
1434.1,2-hydroxyisobutyrate,Xenobiotics,Chemical,22030,GC/MS,1107.5,130.9,594-61-6;,11671,,HMDB00729
776,2-hydroxypalmitate,Lipid,"Fatty acid, monohydroxy",35675,LC/MS Neg,5508,271.3,764-67-0;,92836,,
584,2-isopropylmalate,Carbohydrate,"Glycolysis, gluconeogenesis, pyruvate metabolism",15667,LC/MS Neg,732,175.2,3237-44-3;,77,C02504,HMDB00402
1058,2-linoleoylglycerol (2-monolinolein),Lipid,Monoacylglycerol,32536,GC/MS,2169,408.3,3443-82-1;,5365676,,HMDB11538
1020,2-linoleoylglycerophosphocholine*,Lipid,Lysolipid,35257,LC/MS Pos,5544,520.4,,,,
999,2-linoleoylglycerophosphoethanolamine*,Lipid,Lysolipid,36593,LC/MS Neg,5650,476.4,,,,
1544,2-methoxyacetaminophen sulfate*,Xenobiotics,Drug,33178,LC/MS Neg,1977,260.1,,,,
212,2-methylbutyroylcarnitine,Amino acid,"Valine, leucine and isoleucine metabolism",35431,LC/MS Pos,2439,246.1,31023-25-3;,6426901,,HMDB00378
1008,2-myristoylglycerophosphocholine*,Lipid,Lysolipid,35681,LC/MS Pos,5450,468.3,,,,
1056,2-oleoylglycerol (2-monoolein),Lipid,Monoacylglycerol,35848,GC/MS,2170,410.1,3443-84-3;,5319879,,
1018,2-oleoylglycerophosphocholine*,Lipid,Lysolipid,35254,LC/MS Pos,5640,522.4,,,,
997,2-oleoylglycerophosphoethanolamine*,Lipid,Lysolipid,35687,LC/MS Neg,5848,478.3,,,,
1044,2-oleoylglycerophosphoserine*,Lipid,Lysolipid,37948,LC/MS Neg,5577,522.3,,,,
1013,2-palmitoleoylglycerophosphocholine*,Lipid,Lysolipid,35819,LC/MS Pos,5482,494.3,,,,
1052,2-palmitoylglycerol (2-monopalmitin),Lipid,Monoacylglycerol,33419,GC/MS,2108,129,23470-00-0;,123409,,
1011,2-palmitoylglycerophosphocholine*,Lipid,Lysolipid,35253,LC/MS Pos,5604,496.3,,,,
991,2-palmitoylglycerophosphoethanolamine*,Lipid,Lysolipid,35688,LC/MS Neg,5790,452.3,,,,
596,2-phosphoglycerate,Carbohydrate,"Glycolysis, gluconeogenesis, pyruvate metabolism",35629,GC/MS,1734,459.1,70195-25-4;,,C00631,HMDB03391
1016,2-stearoylglycerophosphocholine*,Lipid,Lysolipid,35255,LC/MS Pos,5780,524.4,,10208382,,
995.1,2-stearoylglycerophosphoethanolamine*,Lipid,Lysolipid,41220,LC/MS Pos,5779.6,482.2,,,,
107,3-(4-hydroxyphenyl)lactate,Amino acid,Phenylalanine & tyrosine metabolism,32197,LC/MS Neg,1395,181.1,6482-98-0;,9378,C03672,HMDB00755
1545,3-(cystein-S-yl)acetaminophen*,Xenobiotics,Drug,34365,LC/MS Pos,1960,271.2,,5233914,,
1655.2,3-(N-acetyl-L-cystein-S-yl) acetaminophen*,Xenobiotics,Drug,18299,LC/MS Pos,2622,313.1,52372-86-8;,83967,,
120,"3,4-dihydroxyphenethyleneglycol",Amino acid,Phenylalanine & tyrosine metabolism,1555,GC/MS,1807.7,355.2,28822-73-3;,91528,C05576,HMDB00318
1276,3-aminoisobutyrate,Nucleotide,"Pyrimidine metabolism, thymine containing; Valine, leucine and isoleucine metabolism/",1566,GC/MS,1252.2,101.9,10569-72-9;214139-20-5;,64956,C05145,HMDB03911
801,3-carboxy-4-methyl-5-propyl-2-furanpropanoate (CMPF),Lipid,"Fatty acid, dicarboxylate",31787,LC/MS Neg,2815,239.1,86879-39-2;,123979,,
900,3-dehydrocarnitine*,Lipid,Carnitine metabolism,32654,LC/MS Pos,1020,160.2,10457-99-5;,6991982,,
1351,3'-dephosphocoenzyme A,Cofactors and vitamins,Pantothenate and CoA metabolism,18289,LC/MS Neg,2010,686.2,3633-59-8;,444485,C00882,HMDB01373
984,3-hydroxybutyrate (BHBA),Lipid,Ketone bodies,542,GC/MS,1203.5,116.9,625-72-9;,441,C01089,HMDB00357
768,3-hydroxydecanoate,Lipid,"Fatty acid, monohydroxy",22053,LC/MS Neg,4681,187.2,5561-87-5;,26612,,HMDB02203
1399,3-hydroxyhippurate,Xenobiotics,Benzoate metabolism,39600,LC/MS Neg,1670,194.1,,450268,,HMDB06116
765,3-hydroxyoctanoate,Lipid,"Fatty acid, monohydroxy",22001,LC/MS Neg,3463,159.2,88930-08-9;,26613,,HMDB01954
179,3-indoxyl sulfate,Amino acid,Tryptophan metabolism,27672,LC/MS Neg,2258,212,2642-37-7;,10258,,HMDB00682
183,3-methyl-2-oxovalerate,Amino acid,"Valine, leucine and isoleucine metabolism",15676,LC/MS Neg,2106,129.2,51829-07-3;,47,C00671,HMDB03736
56,3-methylhistidine,Amino acid,Histidine metabolism,15677,LC/MS Neg,911,168.1,368-16-1;,"649,696,971,061",C01152,HMDB00479
597,3-phosphoglycerate,Carbohydrate,"Glycolysis, gluconeogenesis, pyruvate metabolism",40264,GC/MS,1754,357.1,80731-10-8;,,C00597,HMDB00807
29,3-ureidopropionate,Amino acid,Alanine and aspartate metabolism,3155,LC/MS Pos,1062,133.1,462-88-4;,111,C02642,HMDB00026
1541,4-acetamidophenol,Xenobiotics,Drug,12032,LC/MS Pos,2238,152.1,103-90-2;,1983,C06804,HMDB01859
1538,4-acetaminophen sulfate,Xenobiotics,Drug,37475,LC/MS Neg,1779,230.1,10066-90-7;32113-41-0;,83939,C06804,HMDB01859
1160,"4-androsten-3beta,17beta-diol disulfate 1*",Lipid,Sterol/Steroid,37202,LC/MS Neg,3735,224.3,,,,HMDB03818
290,4-guanidinobutanoate,Amino acid,Guanidino and acetamido metabolism,15681,LC/MS Pos,1085,146.1,463-003;463-00-3;,500,C01035,HMDB03464
762,4-hydroxybutyrate (GHB),Lipid,"Fatty acid, monohydroxy",34585,GC/MS,1277,233.1,502-85-2;,10413,C00989,HMDB00710
40,4-hydroxyglutamate,Amino acid,Glutamate metabolism,40499,GC/MS,1644.2,244.1,2485-33-8;,439902,C03079,HMDB01344
1400,4-hydroxyhippurate,Xenobiotics,Benzoate metabolism,35527,LC/MS Neg,1439,194,2482-25-9;,151012,,
124,4-hydroxyphenylacetate,Amino acid,Phenylalanine & tyrosine metabolism,541,GC/MS,1630.6,179,156-38-7;,4693933,C00642,HMDB00020
203,4-methyl-2-oxopentanoate,Amino acid,"Valine, leucine and isoleucine metabolism",22116,LC/MS Neg,2200,129.2,816-66-0;,70,C00233,HMDB00695
1278,"5,6-dihydrouracil",Nucleotide,"Pyrimidine metabolism, uracil containing",1559,GC/MS,1505.2,243,504-07-4;,649,C00429,HMDB00076
262,5-aminovalerate,Amino acid,"Urea cycle; arginine-, proline-, metabolism",18319,LC/MS Pos,860,118.1,660-88-8;,"6,992,101,138",C00431,HMDB03355
870,5-HETE,Lipid,Eicosanoid,37372,LC/MS Neg,5372,319.2,73307-52-5;,9862886,,
1307,5-methyltetrahydrofolate (5MeTHF),Cofactors and vitamins,Folate metabolism,18330,LC/MS Neg,1838,458.2,68703-91-3;68792-52-9;,146,C00440,HMDB01396
281,5-methylthioadenosine (MTA),Amino acid,Polyamine metabolism,1419,LC/MS Pos,2427,298.1,2457-80-9;,439176,C00170,HMDB01173
1282,5-methyluridine (ribothymidine),Nucleotide,"Pyrimidine metabolism, uracil containing",35136,LC/MS Neg,1774,257.1,1463-10-1;,445408,,HMDB00884
876,5-oxoETE,Lipid,Eicosanoid,38400,LC/MS Neg,5373,317.3,106154-18-1;,1831,C14732,HMDB10217
297,5-oxoproline,Amino acid,Glutathione metabolism,1494,LC/MS Neg,744,128.2,98-79-3;,7405,C01879,HMDB00267
865,6-keto prostaglandin F1alpha,Lipid,Eicosanoid,20476,LC/MS Neg,4180,369.3,58961-34-8;58962-34-8;,5280888,C05961,HMDB02886
613,6-phosphogluconate,Carbohydrate,"Nucleotide sugars, pentose metabolism",15442,LC/MS Neg,588,275.1,921-62-0;53411-70-4;,91493,C00345,HMDB01316
545,6'-sialyllactose,Carbohydrate,"Fructose, mannose, galactose, starch, and sucrose metabolism",39795,GC/MS,2071.5,285.1,35890-39-2;,,G00265,HMDB06569
1157,7-alpha-hydroxy-3-oxo-4-cholestenoate (7-Hoca),Lipid,Sterol/Steroid,36776,LC/MS Neg,5268,429.4,115538-85-7;,3081085,C17337,HMDB12458
1105,7-alpha-hydroxycholesterol,Lipid,Sterol/Steroid,35692,GC/MS,2300,456.2,566-27-8;,107722,C03594,HMDB01496
1106,7-beta-hydroxycholesterol,Lipid,Sterol/Steroid,35092,GC/MS,2340,456.4,566-27-8;,473141,C03594,HMDB06119
901,acetylcarnitine,Lipid,Carnitine metabolism,32198,LC/MS Pos,1203,204.2,5080-50-2;,7045767,C02571,HMDB00201
491,Ac-Ser-Asp-Lys-Pro-OH,Peptide,Polypeptide,40707,LC/MS Pos,1767,488.2,127103-11-1;,4409396,,
1198,adenine,Nucleotide,"Purine metabolism, adenine containing",554,GC/MS,1804.2,264,73-24-5;,190,C00147,HMDB00034
1199,adenosine,Nucleotide,"Purine metabolism, adenine containing",555,LC/MS Pos,1650,268.1,58-61-7;,60961,C00212,HMDB00050
1206,adenosine 2'-monophosphate (2'-AMP),Nucleotide,"Purine metabolism, adenine containing",36815,LC/MS Pos,1625,348.1,130-49-4;,,C00946,HMDB11617
1207,adenosine 3'-monophosphate (3'-AMP),Nucleotide,"Purine metabolism, adenine containing",35142,LC/MS Pos,1451,348.1,84-21-9;,15938966,C01367,HMDB03540
1208,adenosine 5'-monophosphate (AMP),Nucleotide,"Purine metabolism, adenine containing",32342,LC/MS Pos,1210,348.1,149022-20-8;,15938965,C00020,HMDB00045
1216,adenylosuccinate,Nucleotide,"Purine metabolism, adenine containing",18360,LC/MS Neg,569,462.1,19046-78-7;,195,C03794,HMDB00536
785,adipate,Lipid,"Fatty acid, dicarboxylate",21134,GC/MS,1520,110.9,124-04-9;,196,C06104,HMDB00448
735,adrenate (22:4n6),Lipid,Long chain fatty acid,32980,LC/MS Neg,5684,331.3,2091-25-0;,5282844,C16527,HMDB02226
284,agmatine,Amino acid,Polyamine metabolism,15496,GC/MS,1526,174,2482-00-0;,199,C00179,HMDB01432
32,alanine,Amino acid,Alanine and aspartate metabolism,1126,GC/MS,1147.6,115.9,56-41-7;,"59,507,311,724",C00041,HMDB00161
322,alanylalanine,Peptide,Dipeptide,15129,LC/MS Pos,757,161.1,1948-31-8;,"54,603,626,992,112",C00993,HMDB03459
332,alanylglutamate,Peptide,Dipeptide,37064,LC/MS Pos,766,219,,656476,,
333,alanylglycine,Peptide,Dipeptide,37075,GC/MS,1412,272.1,,"524,252,679,094",,HMDB06899
334,alanylisoleucine,Peptide,Dipeptide,37118,LC/MS Pos,2011,203.1,,"4,173,585,246,008",,
328,alanylleucine,Peptide,Dipeptide,37093,LC/MS Pos,2150,203,,259583,,
326,alanylmethionine,Peptide,Dipeptide,37065,LC/MS Pos,1596,221,,"985,095,242,543",,
336,alanylphenylalanine,Peptide,Dipeptide,38679,LC/MS Pos,2422,237.2,3061-90-3;,2080,,
323,alanylthreonine,Peptide,Dipeptide,37085,LC/MS Pos,708,191,,426318,,
335.1,alanyltryptophan,Peptide,Dipeptide,42073,LC/MS Pos,2630,276.2,16305-75-2;,"155,027,885,362",,
339,alanyltyrosine,Peptide,Dipeptide,37098,LC/MS Pos,1713,253,,"5,723,194,099,800",,
324,alanylvaline,Peptide,Dipeptide,37084,LC/MS Pos,1513,189,,137276,,
19,allo-threonine,Amino acid,"Glycine, serine and threonine metabolism",15142,GC/MS,1417.8,219,28954-12-3;,"992,896,995,276",C05519,HMDB04041
343,alpha-glutamylglutamate,Peptide,Dipeptide,22166,LC/MS Pos,857,277.1,3929-61-1;,439500,C01425,
440,alpha-glutamyltryptophan,Peptide,Dipeptide,40664,LC/MS Pos,2660,334.1,38101-59-6;,333386,,
446,alpha-glutamyltyrosine,Peptide,Dipeptide,40033,LC/MS Pos,1810,311.1,,351830,,
208,alpha-hydroxyisovalerate,Amino acid,"Valine, leucine and isoleucine metabolism",33937,LC/MS Neg,1142,117.1,600-37-3;,99823,,HMDB00407
1372,alpha-tocopherol,Cofactors and vitamins,Tocopherol metabolism,1561,GC/MS,2305.4,502.5,59-02-9;10191-41-0;,14985,C02477,HMDB01893
1116,androsterone sulfate,Lipid,Sterol/Steroid,31591,LC/MS Neg,5011,369.2,2479-86-9 ;,,C00523,HMDB02759
457,anserine,Peptide,Dipeptide derivative,15747,LC/MS Neg,1126,239.2,10030-52-1;,"6,992,114,112,072",C01262,HMDB00194
614,arabitol,Carbohydrate,"Nucleotide sugars, pentose metabolism",38075,GC/MS,1687.5,307.1,488-82-4;,94154,C00474,HMDB01851
1303,arabonate,Cofactors and vitamins,Ascorbate and aldarate metabolism,37516,GC/MS,1736,292.1,7643-75-7;,122045,,HMDB00539
719,arachidate (20:0),Lipid,Long chain fatty acid,1118,GC/MS,2071.2,369.3,506-30-9;,10467,C06425,HMDB02212
728,arachidonate (20:4n6),Lipid,Long chain fatty acid,1110,LC/MS Neg,5525,303.4,506-32-1;,444899,C00219,HMDB01043
255,arginine,Amino acid,"Urea cycle; arginine-, proline-, metabolism",1638,LC/MS Neg,728,173.2,1119-34-2;,"5,246,487,232",C00062,HMDB00517
270,argininosuccinate,Amino acid,"Urea cycle; arginine-, proline-, metabolism",15497,GC/MS,2157,446.3,156637-58-0;,828,C03406,HMDB00052
389,arginylleucine,Peptide,Dipeptide,39995,LC/MS Pos,1620,288.3,1188-24-5;,333445,,
454.81,arginylmethionine,Peptide,Dipeptide,41458,LC/MS Pos,1151,306.2,,9815009,,
376.1,arginylphenylalanine,Peptide,Dipeptide,41485,LC/MS Pos,1795,322.2,2047-13-4;,4441256,,
339.3,arginyltyrosine,Peptide,Dipeptide,41376,LC/MS Pos,1376.6,338.2,74863-12-0;,,,
339.4,arginylvaline,Peptide,Dipeptide,41395,LC/MS Pos,944.9,274.2,2896-20-0;,335257,,
1298,ascorbate (Vitamin C),Cofactors and vitamins,Ascorbate and aldarate metabolism,1640,GC/MS,1850.1,332.1,134-03-2;,,C00072,HMDB00044
25,asparagine,Amino acid,Alanine and aspartate metabolism,11398,GC/MS,1651.2,231,70-47-3;,"62,676,992,089",C00152,HMDB00168
24,aspartate,Amino acid,Alanine and aspartate metabolism,15996,GC/MS,1529.7,232,56-84-8;,5960,C00049,HMDB00191
341,aspartate-glutamate,Peptide,Dipeptide,37461,LC/MS Pos,819,263.2,6157-06-8;,4130574,,
390,aspartylleucine,Peptide,Dipeptide,40068,LC/MS Pos,2310,247.2,3062-14-4;,332962,,
340,aspartylphenylalanine,Peptide,Dipeptide,22175,LC/MS Pos,2538,281.1,13433-09-5;,93078,,HMDB00706
339.6,aspartyltryptophan,Peptide,Dipeptide,41481,LC/MS Pos,2717,320.2,71835-79-5;,9948926,,
376.2,aspartylvaline,Peptide,Dipeptide,41373,LC/MS Neg,749.4,231.1,13433-04-0;,4991131,,
1625,atenolol,Xenobiotics,Drug,38658,LC/MS Pos,1988,267.2,29122-68-7;,2249,D00235,HMDB01924
794,azelate (nonanedioate),Lipid,"Fatty acid, dicarboxylate",18362,LC/MS Neg,1322,187.2,123-99-9;,2266,C08261,HMDB00784
1408,benzoate,Xenobiotics,Benzoate metabolism,15778,GC/MS,1291.5,179,65-85-0;,243,C00180,HMDB01870
28,beta-alanine,Amino acid,Alanine and aspartate metabolism,55,GC/MS,1451.8,174,56-41-7;107-95-9;,"2,394,755,801",C00099,HMDB00056
7,beta-hydroxypyruvate,Amino acid,"Glycine, serine and threonine metabolism",15686,GC/MS,1425.1,221,3369-79-7;,964,C00168,HMDB01352
21,betaine,Amino acid,"Glycine, serine and threonine metabolism",34426,LC/MS Neg,725,178.1,107-43-7;,247,,HMDB00043
1374,beta-tocopherol,Cofactors and vitamins,Tocopherol metabolism,35702,GC/MS,2260,488.3,,6857447,C14152,HMDB06335
1318,"bilirubin (E,E)*",Cofactors and vitamins,Hemoglobin and porphyrin metabolism,32586,LC/MS Neg,4242,583.2,,5315454,,
1317,"bilirubin (Z,Z)",Cofactors and vitamins,Hemoglobin and porphyrin metabolism,27716,LC/MS Neg,4812,583.2,635-65-4;,5280352,C00486,HMDB00054
890,butyrylcarnitine,Lipid,Fatty acid metabolism (also BCAA metabolism),32412,LC/MS Pos,2007,232.2,25576-40-3;,213144,,
691,caprate (10:0),Lipid,Medium chain fatty acid,1642,LC/MS Neg,5092,171.2,112-37-8;,2969,C01571,HMDB00511
687,caproate (6:0),Lipid,Medium chain fatty acid,32489,LC/MS Neg,2766,115.2,142-62-1;,8892,C01585,HMDB00535
689,caprylate (8:0),Lipid,Medium chain fatty acid,32492,LC/MS Neg,4367,143.2,124-07-2;,379,C06423,HMDB00482
899,carnitine,Lipid,Carnitine metabolism,15500,LC/MS Pos,702,162.2,461-05-2;,10917,,
1407,catechol sulfate,Xenobiotics,Benzoate metabolism,35320,LC/MS Neg,1928,188.9,,3083879,C00090,
1595,celecoxib,Xenobiotics,Drug,38599,LC/MS Neg,5257.9,380.2,169590-42-5;,2662,"D00567,C07589",HMDB05014
172,C-glycosyltryptophan*,Amino acid,Tryptophan metabolism,32675,LC/MS Pos,1912,367.1,,,,
972,chiro-inositol,Lipid,Inositol metabolism,37112,GC/MS,1857,318.1,643-12-9;,,,
916,cholate,Lipid,Bile acid metabolism,22842,LC/MS Neg,5148,407.4,81-25-4;,,C00695,HMDB00619
1102,cholesterol,Lipid,Sterol/Steroid,63,GC/MS,2316.9,329.3,57-88-5;,6432564,C00187,HMDB00067
960,choline,Lipid,Glycerolipid metabolism,15506,LC/MS Pos,674,104.2,67-48-1;,170746,,
954,choline phosphate,Lipid,Glycerolipid metabolism,34396,LC/MS Pos,695,184.1,72556-74-2;,135437,,
1771,cinnamoylglycine,Xenobiotics,Food component/Plant,38637,LC/MS Neg,3139,204.1,,709625,,
651,cis-aconitate,Energy,Krebs cycle,12025,LC/MS Neg,603,173.1,585-84-2;,643757,C00417,HMDB00072
710,cis-vaccenate (18:1n7),Lipid,Long chain fatty acid,33970,GC/MS,1987,339.3,693-72-1;,5282761,C08367,
1596,citalopram,Xenobiotics,Drug,38651,LC/MS Pos,3771.8,325.2,21986-53-7;,2771,C07572,HMDB05038
220,citramalate,Amino acid,"Valine, leucine and isoleucine metabolism",22158,GC/MS,1490.7,247,6236-10-8;,1081,C00815,HMDB00426
648,citrate,Energy,Krebs cycle,1564,GC/MS,1763.4,273.1,77-92-9;,311,C00158,HMDB00094
263,citrulline,Amino acid,"Urea cycle; arginine-, proline-, metabolism",2132,LC/MS Pos,715,176.1,372-75-8;,833,C00327,HMDB00904
1520,codeine,Xenobiotics,Drug,39610,LC/MS Pos,2201.1,300.2,76-57-3;,,,HMDB04995
1133,cortisol,Lipid,Sterol/Steroid,1712,LC/MS Pos,4573,363.2,50-23-7;,,C00735,HMDB00063
1135,cortisone,Lipid,Sterol/Steroid,1769,LC/MS Pos,4420,361.2,53-06-5;,"222,786,408,722",C00762,HMDB02802
274,creatine,Amino acid,Creatine metabolism,27718,LC/MS Pos,758,132.1,57-00-1;,586,C00300,HMDB00064
275,creatinine,Amino acid,Creatine metabolism,513,LC/MS Pos,730,114.1,60-27-5;,588,C00791,HMDB00562
224,cysteine,Amino acid,"Cysteine, methionine, SAM, taurine metabolism",31453,GC/MS,1560.1,218,52-90-4;56-89-3;,"58,626,419,722",C00097,HMDB00574
299,cysteine-glutathione disulfide,Amino acid,Glutathione metabolism,35159,LC/MS Pos,821,427.1,13081-14-6;,4247235,,HMDB00656
376,cysteinylglycine,Peptide,Dipeptide,35637,LC/MS Neg,881,177,19246-18-5;,65270,C01419,HMDB00078
228,cystine,Amino acid,"Cysteine, methionine, SAM, taurine metabolism",39512,GC/MS,2015.3,145.9,56-89-3;,595,C00491,HMDB00192
1251,cytidine,Nucleotide,"Pyrimidine metabolism, cytidine containing",514,LC/MS Pos,1065,244,65-46-3;,6175,C00475,HMDB00089
965,cytidine 5'-diphosphocholine,Lipid,Glycerolipid metabolism,34418,LC/MS Pos,777,489.1,33818-15-4;,,,
1255,cytidine 5'-monophosphate (5'-CMP),Nucleotide,"Pyrimidine metabolism, cytidine containing",2372,LC/MS Pos,887,324,63-37-6;,7058165,C00055,HMDB00095
1256,cytidine-3'-monophosphate (3'-CMP),Nucleotide,"Pyrimidine metabolism, cytidine containing",2959,LC/MS Pos,1181,323.9,84-52-6;,256622,C05822,
1257,"cytosine-2',3'-cyclic monophosphate",Nucleotide,"Pyrimidine metabolism, cytidine containing",37465,LC/MS Pos,912,306.2,15718-51-1;,417654,C02354,HMDB11691
898,deoxycarnitine,Lipid,Carnitine metabolism,36747,LC/MS Pos,759,146.1,6249-56-5;,725,C01181,HMDB01161
724,dihomo-linoleate (20:2n6),Lipid,Long chain fatty acid,17805,LC/MS Neg,5722,307.3,2091-39-6;,6439848,C16525,
678,dihomo-linolenate (20:3n3 or n6),Lipid,Essential fatty acid,35718,LC/MS Neg,5600,305.4,,5312529,C03242,HMDB02925
1104,dihydrocholesterol,Lipid,Sterol/Steroid,21131,GC/MS,2320.8,215.2,80-97-7;,6665,,HMDB00908
254,dimethylarginine (SDMA + ADMA),Amino acid,"Urea cycle; arginine-, proline-, metabolism",36808,LC/MS Pos,812,203.2,,123831,C03626,"HMDB01539,HMDB03334"
3,dimethylglycine,Amino acid,"Glycine, serine and threonine metabolism",5086,GC/MS,1030,57.9,1118-68-9;,"6,971,056,673",C01026,HMDB00092
733,docosadienoate (22:2n6),Lipid,Long chain fatty acid,32415,LC/MS Neg,6017,335.4,7370-49-2 ;,5282807,C16533,
682,docosahexaenoate (DHA; 22:6n3),Lipid,Essential fatty acid,19323,LC/MS Neg,5518,327.3,6217-54-5;,445580,C06429,HMDB02183
680,docosapentaenoate (n3 DPA; 22:5n3),Lipid,Essential fatty acid,32504,LC/MS Neg,5574,329.4,2234-74-4 ;,,C16513,HMDB01976
681,docosapentaenoate (n6 DPA; 22:5n6),Lipid,Essential fatty acid,37478,LC/MS Neg,5625,329.4,25182-74-5;,6441454,C06429,HMDB13123
734,docosatrienoate (22:3n3),Lipid,Long chain fatty acid,32417,LC/MS Neg,5825,333.4,59708-86-0 ;,5312556,C16534,HMDB02823
796,dodecanedioate,Lipid,"Fatty acid, dicarboxylate",32388,LC/MS Neg,2990,229.2,693-23-2 ;,12736,C02678,HMDB00623
679,eicosapentaenoate (EPA; 20:5n3),Lipid,Essential fatty acid,18467,LC/MS Neg,5442,301.3,10-2005-9;10417-94-4;,446284,C06428,HMDB01999
722,eicosenoate (20:1n9 or 11),Lipid,Long chain fatty acid,33587,LC/MS Neg,5955,309.4,,,,HMDB02231
146,epinephrine,Amino acid,Phenylalanine & tyrosine metabolism,1578,LC/MS Pos,891,184,51-43-4;,5816,"D00095,C00788,D02149",HMDB00068
1729,ergothioneine,Xenobiotics,Food component/Plant,37459,LC/MS Pos,847,230.2,58511-63-0;,3032311,C05570,HMDB03045
732,erucate (22:1n9),Lipid,Long chain fatty acid,1552,GC/MS,2134,395.4,112-86-7;,8216,C08316,HMDB02068
1818,erythritol,Xenobiotics,"Sugar, sugar substitute, starch",20699,GC/MS,1517.5,217,149-32-6;,,C00503,HMDB02994
515,erythronate*,Carbohydrate,Aminosugars metabolism,33477,GC/MS,1546.9,292.1,88759-55-1;,2781043,,HMDB00613
955,ethanolamine,Lipid,Glycerolipid metabolism,1497,GC/MS,1304,174.1,141-43-5;,,C00189,HMDB00149
1365,flavin adenine dinucleotide (FAD),Cofactors and vitamins,Riboflavin metabolism,2134,LC/MS Neg,2413,784.1,146-14-5;84366-81-4;,643975,C00016,HMDB01248
537,fructose,Carbohydrate,"Fructose, mannose, galactose, starch, and sucrose metabolism",577,GC/MS,1758,217,57-48-7;,5984,C00095,HMDB00660
593,fructose 1-phosphate,Carbohydrate,"Glycolysis, gluconeogenesis, pyruvate metabolism",15907,GC/MS,1996.5,445.2,53823-70-4;,65246,C01094,HMDB01076
592,fructose-6-phosphate,Carbohydrate,"Glycolysis, gluconeogenesis, pyruvate metabolism",12021,GC/MS,1994.9,315.1,103213-47-4;,,C05345,HMDB00124
523,fucose,Carbohydrate,Aminosugars metabolism,15821,GC/MS,1682.2,204,2438-80-4;,3034656,,HMDB00174
663,fumarate,Energy,Krebs cycle,1643,GC/MS,1382.1,245,100-17-8;,,C00122,HMDB00134
1612,gabapentin,Xenobiotics,Drug,38686,LC/MS Pos,2482,172.2,60142-96-3;,"34,466,919,078",D00332,HMDB05015
539,galactose,Carbohydrate,"Fructose, mannose, galactose, starch, and sucrose metabolism",12055,GC/MS,1793.8,203.9,59-23-4;,3037556,C01582,HMDB00143
47,gamma-aminobutyrate (GABA),Amino acid,Glutamate metabolism,1416,GC/MS,1539.7,304.1,56-12-2;,"6,992,099,119",C00334,HMDB00112
464,gamma-glutamylcysteine,Peptide,gamma-glutamyl,1778,LC/MS Pos,1274,251.1,636-58-8;,842,C00669,HMDB01049
467,gamma-glutamylglutamate,Peptide,gamma-glutamyl,36738,LC/MS Pos,1036,277.1,1116-22-9;,92865,,
468,gamma-glutamylglutamine,Peptide,gamma-glutamyl,2730,LC/MS Pos,806,276.1,10148-81-9;,150914,,HMDB11738
463,gamma-glutamylisoleucine*,Peptide,gamma-glutamyl,34456,LC/MS Pos,2644,261.2,,,,HMDB11170
462,gamma-glutamylleucine,Peptide,gamma-glutamyl,18369,LC/MS Pos,2744,261.2,2566-39-4;,151023,,HMDB11171
470,gamma-glutamylphenylalanine,Peptide,gamma-glutamyl,33422,LC/MS Pos,2846,295.1,7432-24-8;,111299,,HMDB00594
460,gamma-glutamylvaline,Peptide,gamma-glutamyl,32393,LC/MS Pos,2040,247.2,2746-34-1;,,,HMDB11172
1377,gamma-tocopherol,Cofactors and vitamins,Tocopherol metabolism,33420,GC/MS,2264,488.4,54-28-4;,14986,C02483,HMDB01492
1301,glucarate (saccharate),Cofactors and vitamins,Ascorbate and aldarate metabolism,1476,GC/MS,1885.8,333.1,5793-88-4;,33037,C00818,HMDB00663
620,gluconate,Carbohydrate,"Nucleotide sugars, pentose metabolism",587,GC/MS,1879.4,333,527-07-1;,10690,C00257,HMDB00625
589,glucose,Carbohydrate,"Glycolysis, gluconeogenesis, pyruvate metabolism",20488,GC/MS,1866.8,217.1,50-99-7;,79025,C00031,HMDB00122
588,glucose 1-phosphate,Carbohydrate,"Glycolysis, gluconeogenesis, pyruvate metabolism",15561,GC/MS,2017,299.1,56401-20-8;,65533,C00103,HMDB01586
587,glucose-6-phosphate (G6P),Carbohydrate,"Glycolysis, gluconeogenesis, pyruvate metabolism",31260,GC/MS,2042.7,387.2,103192-55-8;,,C00668,HMDB01401
607,glucuronate,Carbohydrate,"Glycolysis, gluconeogenesis, pyruvate metabolism",15443,GC/MS,1886.5,217,207300-70-7;,65041,C00191,HMDB00127
39,glutamate,Amino acid,Glutamate metabolism,57,LC/MS Pos,700,148.1,56-86-0;,611,C00025,HMDB03339
44,"glutamate, gamma-methyl ester",Amino acid,Glutamate metabolism,33487,LC/MS Pos,1062,162.1,1499-55-4 ;,73913,,
45,glutamine,Amino acid,Glutamate metabolism,53,LC/MS Pos,684,147.2,56-85-9;,5961,C00064,HMDB00641
69,glutarate (pentanedioate),Amino acid,Lysine metabolism,396,GC/MS,1433.6,261,110-94-1;,4418048,C00489,HMDB00661
86,glutaroyl carnitine,Amino acid,Lysine metabolism,35439,LC/MS Pos,1565,276.1,102636-82-8;,,,HMDB13130
298,"glutathione, oxidized (GSSG)",Amino acid,Glutathione metabolism,27727,LC/MS Pos,1535,613.1,103239-24-3;,"6,535,911,215,652",C00127,HMDB03337
295,"glutathione, reduced (GSH)",Amino acid,Glutathione metabolism,2127,LC/MS Pos,1274,308.1,70-18-8;,124886,C00051,HMDB00125
585,glycerate,Carbohydrate,"Glycolysis, gluconeogenesis, pyruvate metabolism",1572,GC/MS,1360.7,189,600-19-1;,752,C00258,HMDB00139
959,glycerol,Lipid,Glycerolipid metabolism,15122,GC/MS,1311,205,56-81-5;,753,C00116,HMDB00131
1436,glycerol 2-phosphate,Xenobiotics,Chemical,27728,GC/MS,1691.8,243,819-83-0;,2526,C02979,HMDB02520
961,glycerol 3-phosphate (G3P),Lipid,Glycerolipid metabolism,15365,GC/MS,1719.7,357.1,29849-82-9;,754,C00093,HMDB00126
957,glycerophosphoethanolamine,Lipid,Glycerolipid metabolism,37455,GC/MS,1906,357.1,33049-08-0;,123874,C01233,HMDB00114
962,glycerophosphorylcholine (GPC),Lipid,Glycerolipid metabolism,15990,LC/MS Pos,694,258.1,28319-77-9;,657272,C00670,HMDB00086
1,glycine,Amino acid,"Glycine, serine and threonine metabolism",11777,GC/MS,1166,101.9,56-40-6;,"5,257,127,750",C00037,HMDB00123
948,glycocholenate sulfate*,Lipid,Bile acid metabolism,32599,LC/MS Neg,4763,254.8,,,,
1430,glycolate (hydroxyacetate),Xenobiotics,Chemical,15737,GC/MS,1119,177,79-14-1;,"3,698,251,757",C00160,HMDB00115
932,glycolithocholate sulfate*,Lipid,Bile acid metabolism,32620,LC/MS Neg,5015,512.3,,72222,C11301,HMDB02639
312,glycylglycine,Peptide,Dipeptide,21029,GC/MS,1757.9,174,556-50-3;,"154,889,711,163",C02037,HMDB11733
315,glycylisoleucine,Peptide,Dipeptide,36659,LC/MS Pos,2080,189.1,19461-38-2;,,,
316,glycylleucine,Peptide,Dipeptide,34398,LC/MS Pos,2236,189.1,869-19-2;,"928,431,548,899",C02155,HMDB00759
316.1,glycyllysine,Peptide,Dipeptide,41529,GC/MS,2088.3,174.1,31461-63-9;,306144,,
312.9,glycylmethionine,Peptide,Dipeptide,42012,LC/MS Pos,1593,207.1,554-94-9;,96757,,
319,glycylphenylalanine,Peptide,Dipeptide,33954,LC/MS Neg,2193,221.2,3321-03-7;,"154,934,492,953",,
314,glycylproline,Peptide,Dipeptide,22171,LC/MS Pos,1115,173.1,704-15-4;,"30,136,256,993,386",,HMDB00721
319.9,glycylthreonine,Peptide,Dipeptide,42050,GC/MS,1911.1,174.1,7093-70-1;,351980,,
321,glycyltryptophan,Peptide,Dipeptide,38151,LC/MS Pos,2542,262.4,,"155,134,092,181",,
320,glycyltyrosine,Peptide,Dipeptide,33958,LC/MS Pos,1728,239.1,658-79-7;,"928,296,994,980",,
311,glycylvaline,Peptide,Dipeptide,18357,LC/MS Pos,1572,175.1,1963-21-9;,"27,248,076,994,979",,
292,guanidinoacetate,Amino acid,Guanidino and acetamido metabolism,12359,GC/MS,1696.6,172,352-97-6;,"76,339,468,484,547,000",C00581,HMDB00128
1220,guanine,Nucleotide,"Purine metabolism, guanine containing",418,GC/MS,1942.3,352.1,73-40-5;,764,C00242,HMDB00132
1224,guanosine,Nucleotide,"Purine metabolism, guanine containing",1573,LC/MS Neg,1675,282.1,118-00-3;,6802,C00387,HMDB00133
1227,guanosine 5'- monophosphate (5'-GMP),Nucleotide,"Purine metabolism, guanine containing",2849,LC/MS Pos,1300,364,5550-12-9;,761,,
1297,"gulono-1,4-lactone",Cofactors and vitamins,Ascorbate and aldarate metabolism,33454,GC/MS,1862,333.1,1128-23-0;,608,C01040,HMDB03466
1313,heme,Cofactors and vitamins,Hemoglobin and porphyrin metabolism,41754,LC/MS Pos,5057,616.2,14875-96-8;,,,
902,hexanoylcarnitine,Lipid,Carnitine metabolism,32328,LC/MS Pos,3174,260.2,6920-35-0;,6426853,C01585,HMDB00705
1395,hippurate,Xenobiotics,Benzoate metabolism,15753,LC/MS Neg,2136,178.1,495-69-2;,464,C01586,HMDB00714
58,histamine,Amino acid,Histidine metabolism,1574,GC/MS,1808,174.1,51-45-6;,774,C00388,HMDB00870
53,histidine,Amino acid,Histidine metabolism,59,LC/MS Neg,757,154.1,5934-29-2;,"7,733,651,426",C00135,HMDB00177
392,histidylleucine,Peptide,Dipeptide,40061,LC/MS Pos,1482,269.2,7763-65-7;,"1,890,086,992,010",,
,histidylmethionine,,,41965,LC/MS Pos,1025,287.2,2488-11-1;,,,
392.05,histidylphenylalanine,Peptide,Dipeptide,42084,LC/MS Pos,1730,303.2,16874-81-0;,4466133,,
392.06,histidyltryptophan,Peptide,Dipeptide,41912,LC/MS Pos,1961,342.2,23403-90-9;,6539217,,
392.08,histidyltyrosine,Peptide,Dipeptide,41899,LC/MS Pos,1253,319.2,35979-00-1;,435685,,
243,homocysteine,Amino acid,"Cysteine, methionine, SAM, taurine metabolism",40266,GC/MS,1648.2,234,454-29-5;,778,C00155,HMDB00742
12,homoserine,Amino acid,"Glycine, serine and threonine metabolism",23642,GC/MS,1471,218.1,672-15-1;,"126,476,971,022",C00263,HMDB00719
1754,homostachydrine*,Xenobiotics,Food component/Plant,33009,LC/MS Pos,1199,158.2,1195-94-4;,441447,C08283,
61,hydantoin-5-propionic acid,Amino acid,Histidine metabolism,40473,LC/MS Neg,762,171.3,5624-26-0;,782,C05565,HMDB01212
1608,hydrochlorothiazide,Xenobiotics,Drug,39625,LC/MS Neg,2041.6,296.1,58-93-5;,3639,340,192
232,hypotaurine,Amino acid,"Cysteine, methionine, SAM, taurine metabolism",590,GC/MS,1598.5,188,300-84-5;,107812,C00519,HMDB00965
1190,hypoxanthine,Nucleotide,"Purine metabolism, (hypo)xanthine/inosine containing",3127,LC/MS Neg,1313,135.1,68-94-0;,790,C00262,HMDB00157
65,imidazole propionate,Amino acid,Histidine metabolism,40730,LC/MS Pos,1011.7,141.1,1074-59-5;,70630,,HMDB02271
156,indoleacetate,Amino acid,Tryptophan metabolism,27513,GC/MS,1862,202,6505-45-9;,802,C00954,HMDB00197
154,indolelactate,Amino acid,Tryptophan metabolism,18349,GC/MS,1964.9,202,832-97-3;,92904,C02043,HMDB00671
1192,inosine,Nucleotide,"Purine metabolism, (hypo)xanthine/inosine containing",1123,LC/MS Neg,1600,267.2,58-63-9;,,,
974,inositol 1-phosphate (I1P),Lipid,Inositol metabolism,1481,GC/MS,2057.8,318.1,106032-59-1;,,,HMDB00213
595,"Isobar: fructose 1,6-diphosphate, glucose 1,6-diphosphate, myo-inositol 1,4 or 1,3-diphosphate",Carbohydrate,"Glycolysis, gluconeogenesis, pyruvate metabolism",36984,LC/MS Neg,572,339,,,,
629,"Isobar: ribulose 5-phosphate, xylulose 5-phosphate",Carbohydrate,"Nucleotide sugars, pentose metabolism",37288,GC/MS,1935,357.2,,,,
210,isobutyrylcarnitine,Amino acid,"Valine, leucine and isoleucine metabolism",33441,LC/MS Pos,1941,232.2,25518-49-4;,,,
190,isoleucine,Amino acid,"Valine, leucine and isoleucine metabolism",1125,LC/MS Pos,1614,132.1,73-32-5;,791,C00407,HMDB00172
402,isoleucylalanine,Peptide,Dipeptide,40046,LC/MS Pos,1686,203.2,24787-73-3;,"52,460,095,246,010",,
403,isoleucylarginine,Peptide,Dipeptide,40071,LC/MS Pos,1245,288.2,55715-01-0;,9900561,,
404,isoleucylglutamate,Peptide,Dipeptide,40057,LC/MS Pos,1650,261.2,42516-53-0;,,,
406,isoleucylglycine,Peptide,Dipeptide,40008,LC/MS Pos,1732,189.2,868-28-0;,342532,,
358,isoleucylhistidine,Peptide,Dipeptide,40085,LC/MS Pos,1021,269.2,,,,
354,isoleucylisoleucine,Peptide,Dipeptide,36761,LC/MS Pos,2678,245.1,42537-99-5;,,,
407,isoleucylmethionine,Peptide,Dipeptide,40058,LC/MS Pos,2392,263.2,42384-14-5;,,,
408,isoleucylphenylalanine,Peptide,Dipeptide,40067,LC/MS Pos,3155,279.2,22951-98-0;,435728,,
409,isoleucylserine,Peptide,Dipeptide,40012,LC/MS Pos,1472.5,219.2,6403-14-1;,,,
410,isoleucyltryptophan,Peptide,Dipeptide,40079,LC/MS Pos,3080,318.2,13589-06-5;,9797038,,
411,isoleucyltyrosine,Peptide,Dipeptide,40073,LC/MS Pos,2300,295.2,38579-21-4;,342468,,
412,isoleucylvaline,Peptide,Dipeptide,40049,LC/MS Pos,2202,231.2,41017-96-3;,"5,246,011,435,949",,
215,isovalerylcarnitine,Amino acid,"Valine, leucine and isoleucine metabolism",34407,LC/MS Pos,2533,246.2,,6426851,,HMDB00688
152,kynurenine,Amino acid,Tryptophan metabolism,15140,LC/MS Pos,1902,209.1,2922-83-0;,"1,611,666,971,029",C00328,HMDB00684
604,lactate,Carbohydrate,"Glycolysis, gluconeogenesis, pyruvate metabolism",527,GC/MS,1102.8,116.9,79-33-4;,612,C00186,HMDB00190
694,laurate (12:0),Lipid,Medium chain fatty acid,1645,LC/MS Neg,5288,199.3,143-07-7;,3893,C02679,HMDB00638
909,laurylcarnitine,Lipid,Carnitine metabolism,34534,LC/MS Pos,5066,344.3,,10427569,,HMDB02250
191,leucine,Amino acid,"Valine, leucine and isoleucine metabolism",60,LC/MS Pos,1674,132.2,61-90-5;,"70,457,986,106",C00123,HMDB00687
413,leucylalanine,Peptide,Dipeptide,40010,LC/MS Pos,1760,203.2,7298-84-2;,259321,,
414,leucylarginine,Peptide,Dipeptide,40028,LC/MS Pos,1300,288.2,26607-15-8;,3800205,,
415,leucylasparagine,Peptide,Dipeptide,40052,LC/MS Pos,1418,246.2,14608-81-2;,4128305,,
417,leucylglutamate,Peptide,Dipeptide,40021,LC/MS Pos,1716,261.2,,"52,595,895,259,590",,
418,leucylglycine,Peptide,Dipeptide,40045,LC/MS Pos,1800,189.2,686-50-0;,79070,,
419,leucylhistidine,Peptide,Dipeptide,40077,LC/MS Pos,1056,269.2,38062-72-5;,341684,,
360,leucylleucine,Peptide,Dipeptide,36756,LC/MS Pos,3012,245.1,3303-31-9;,"768,076,992,072",C11332,
447,leucylmethionine,Peptide,Dipeptide,40022,LC/MS Pos,2504,263.2,36077-39-1;,118276,,
420,leucylphenylalanine,Peptide,Dipeptide,40026,LC/MS Pos,3308,279.2,3063-05-6;,259325,,
421,leucylserine,Peptide,Dipeptide,40048,LC/MS Pos,1519.7,219.2,6209-12-7;,3621685,,
422,leucyltryptophan,Peptide,Dipeptide,40034,LC/MS Pos,3216,318.2,5156-22-9;,329275,,
423,leucyltyrosine,Peptide,Dipeptide,40030,LC/MS Pos,2413,295.2,968-21-8;,273262,,
1568,lidocaine,Xenobiotics,Drug,35661,LC/MS Pos,2761,235.2,137-58-6;,3676,D00358,
673,linoleate (18:2n6),Lipid,Essential fatty acid,1105,LC/MS Neg,5533,279.3,60-33-3;,5280450,C01595,HMDB00673
677,linolenate [alpha or gamma; (18:3n3 or 6)],Lipid,Essential fatty acid,34035,LC/MS Neg,5450,277.3,,,C06427,HMDB01388
1627,lipitor,Xenobiotics,Drug,38619,LC/MS Neg,5091.5,557.3,134523-03-8;,60823,"D00887,C06834",HMDB05006
1314,L-urobilin,Cofactors and vitamins,Hemoglobin and porphyrin metabolism,40173,LC/MS Pos,4091,595.4,34217-90-8;,5280818,C05793,HMDB04159
75,lysine,Amino acid,Lysine metabolism,1301,LC/MS Pos,603,147.2,56-87-1;,5962,C00047,HMDB00182
426,lysylleucine,Peptide,Dipeptide,40020,LC/MS Pos,1546,260.2,7369-79-1;,4682588,,
,lysyllysine,,,42090,LC/MS Pos,533,138.2,13184-13-9;,4293571,,
426.8,lysylmethionine,Peptide,Dipeptide,41943,LC/MS Pos,1013.1,278.2,97729-52-7;,,,
427.19,lysyltyrosine,Peptide,Dipeptide,42089,LC/MS Pos,1310,310.3,35978-98-4;,,,
667,malate,Energy,Krebs cycle,1303,GC/MS,1502,233,6915-15-7;,525,C00149,HMDB00156
896,malonylcarnitine,Lipid,Fatty acid synthesis,37059,LC/MS Pos,980,248.1,,,,HMDB02095
576,maltohexaose,Carbohydrate,"Fructose, mannose, galactose, starch, and sucrose metabolism",35170,LC/MS Neg,1224,989.1,34620-77-4;,5288409,C01936,HMDB12253
575,maltopentaose,Carbohydrate,"Fructose, mannose, galactose, starch, and sucrose metabolism",35163,LC/MS Neg,1100,827.1,34620-76-3;,3710145,C06218,HMDB12254
547,maltose,Carbohydrate,"Fructose, mannose, galactose, starch, and sucrose metabolism",15804,GC/MS,2176.2,204.1,6363-53-7;,439341,C00208,HMDB00163
646.5,maltotetraose,Carbohydrate,Oligosaccharide,15910,LC/MS Neg,965,665.1,34612-38-9;,446495,C02052,HMDB01296
567,maltotriose,Carbohydrate,"Fructose, mannose, galactose, starch, and sucrose metabolism",15877,GC/MS,2419,204,1109-28-0;,439586,C01835,HMDB01262
548,mannitol,Carbohydrate,"Fructose, mannose, galactose, starch, and sucrose metabolism",15335,GC/MS,1839,319.1,69-65-8;,6251,C00392,HMDB00765
552,mannose,Carbohydrate,"Fructose, mannose, galactose, starch, and sucrose metabolism",584,GC/MS,1753.5,203.9,3458-28-4;,161658,C00159,HMDB00169
554,mannose-6-phosphate,Carbohydrate,"Fructose, mannose, galactose, starch, and sucrose metabolism",1469,GC/MS,2004.6,387.1,70442-25-0;104872-94-8;,,C00275,HMDB01078
704,margarate (17:0),Lipid,Long chain fatty acid,1121,LC/MS Neg,5733,269.3,506-12-7;,10465,,HMDB02259
1570,metformin,Xenobiotics,Drug,39972,GC/MS,1746.4,284.1,1115-70-4;,4091,C07151,HMDB01921
237,methionine,Amino acid,"Cysteine, methionine, SAM, taurine metabolism",1302,LC/MS Pos,1252,150.1,63-68-3;,"69,920,876,137",C00073,HMDB00696
399,methionylalanine,Peptide,Dipeptide,40685,LC/MS Pos,1500,221.1,3061-96-9;,,,
454.6,methionylasparagine,Peptide,Dipeptide,40686,LC/MS Pos,1060.3,264.1,36261-61-7;,333467,,
,methionylaspartate,,,40687,LC/MS Pos,1275.3,265.1,14595-65-4;,,,
396,methionylglutamate,Peptide,Dipeptide,40693,LC/MS Pos,1503,279.1,14517-44-3;,,,
454.5,methionylglycine,Peptide,Dipeptide,40717,LC/MS Pos,1478,207.1,14486-03-4;,259185,,
398,methionylleucine,Peptide,Dipeptide,40023,LC/MS Pos,2698,263.2,14486-16-9;,3425788,,
454.7,methionylphenylalanine,Peptide,Dipeptide,41441,LC/MS Pos,3042,297.2,14492-14-9;,100048,,
1457,methyl-alpha-glucopyranoside,Xenobiotics,Chemical,20714,LC/MS Pos,1087,212.1,97-30-3;,64947,C02603,
218,methylglutaroylcarnitine,Amino acid,"Valine, leucine and isoleucine metabolism",37060,LC/MS Pos,1900,290.1,,128145,,HMDB00552
1294,methylphosphate,Nucleotide,Purine and pyrimidine metabolism,37070,GC/MS,1221,240.9,7023-27-0;,13130,,
1571,metoprolol,Xenobiotics,Drug,18037,LC/MS Pos,3205,268.2,56392-17-7;,4171,"C07202,D02358",HMDB01932
1572,metoprolol acid metabolite*,Xenobiotics,Drug,34109,LC/MS Pos,2535,268.2,,62936,,
971,myo-inositol,Lipid,Inositol metabolism,19934,GC/MS,1924.9,217,87-89-8;,,C00137,HMDB00211
698,myristate (14:0),Lipid,Long chain fatty acid,1365,LC/MS Neg,5439,227.3,544-63-8;,11005,C06424,HMDB00806
699,myristoleate (14:1n5),Lipid,Long chain fatty acid,32418,LC/MS Neg,5338,225.3,544-64-9 ;,5281119,C08322,HMDB02000
910,myristoylcarnitine,Lipid,Carnitine metabolism,33952,LC/MS Pos,5113,372.4,18822-89-4;,6426854,,
1346,N1-Methyl-2-pyridone-5-carboxamide,Cofactors and vitamins,Nicotinate and nicotinamide metabolism,40469,LC/MS Pos,1707.3,153.2,701-44-0;,69698,C05842,HMDB04193
1201,N1-methyladenosine,Nucleotide,"Purine metabolism, adenine containing",15650,LC/MS Pos,1356,282.1,15763-06-1;,5460178,C02494,HMDB03331
1236,N1-methylguanosine,Nucleotide,"Purine metabolism, guanine containing",31609,LC/MS Pos,1850,298.1,2140-65-0;,96373,,HMDB01563
1239,"N2,N2-dimethylguanosine",Nucleotide,"Purine metabolism, guanine containing",35137,LC/MS Pos,2157,312.1,2140-67-2;,92919,,HMDB04824
84,N2-acetyllysine,Amino acid,Lysine metabolism,36751,LC/MS Pos,853,189.1,1946-82-3;,"699,269,792,907",C12989,HMDB00446
1237,N2-methylguanosine,Nucleotide,"Purine metabolism, guanine containing",35133,LC/MS Pos,1950,298.1,2140-77-4;,3035422,,HMDB05862
85,N6-acetyllysine,Amino acid,Lysine metabolism,36752,LC/MS Pos,1134,189.1,692-04-6;,"699,197,892,832",C02727,HMDB00206
1242,N6-carbamoylthreonyladenosine,Nucleotide,"Purine metabolism, guanine containing",35157,LC/MS Pos,2656,413,24719-82-2;,,,
81,N-6-trimethyllysine,Amino acid,Lysine metabolism,1498,LC/MS Pos,650,189.2,23284-33-5;,159659,C03793,HMDB01325
33,N-acetylalanine,Amino acid,Alanine and aspartate metabolism,1585,LC/MS Neg,882,130.1,97-69-8;,88064,C02847,HMDB00766
257,N-acetylarginine,Amino acid,"Urea cycle; arginine-, proline-, metabolism",33953,LC/MS Neg,1149,215.2,155-84-0;,"674,271,615,663",C02562,HMDB04620
27,N-acetylasparagine,Amino acid,Alanine and aspartate metabolism,33942,LC/MS Pos,974,175.1,4033-40-3;,99715,,HMDB06028
35,N-acetylaspartate (NAA),Amino acid,Alanine and aspartate metabolism,22185,LC/MS Pos,1222,176.1,997-55-7;997-55-7 ;,65065,C01042,HMDB00812
51,N-acetyl-aspartyl-glutamate (NAAG),Amino acid,Glutamate metabolism,35665,LC/MS Pos,1563,305,3106-85-2;,5255,C12270,HMDB01067
511,N-acetylglucosamine,Carbohydrate,Aminosugars metabolism,15095,GC/MS,1903.3,245,7512-17-6;,24139,C00140,HMDB00215
513,N-acetylglucosamine 6-phosphate,Carbohydrate,Aminosugars metabolism,15107,LC/MS Neg,628,300.1,102029-88-9;,10040501,C00357,HMDB02817
52,N-acetylglutamine,Amino acid,Glutamate metabolism,33943,LC/MS Pos,1204,189.1,2490-97-3;,182230,C02716,HMDB06029
4,N-acetylglycine,Amino acid,"Glycine, serine and threonine metabolism",27710,GC/MS,1396.4,143.9,543-24-8;,10972,,HMDB00532
197,N-acetylisoleucine,Amino acid,"Valine, leucine and isoleucine metabolism",33967,LC/MS Pos,3370,174.1,,2802421,,
195,N-acetylleucine,Amino acid,"Valine, leucine and isoleucine metabolism",1587,LC/MS Pos,3444,174.1,1188-21-2;,70912,C02710,HMDB11756
239,N-acetylmethionine,Amino acid,"Cysteine, methionine, SAM, taurine metabolism",1589,LC/MS Pos,2588,192.1,65-82-7;,448580,C02712,HMDB11745
517,N-acetylneuraminate,Carbohydrate,Aminosugars metabolism,32377,LC/MS Neg,695,308.1,131-48-6;,,C00270,HMDB00230
264,N-acetylornithine,Amino acid,"Urea cycle; arginine-, proline-, metabolism",15630,LC/MS Pos,875,175.2,6205-08-9;,"6,992,102,439,232",C00437,HMDB03357
131,N-acetylphenylalanine,Amino acid,Phenylalanine & tyrosine metabolism,33950,LC/MS Neg,2590,206.2,2018-61-3;,74839,C03519,HMDB00512
10,N-acetylserine,Amino acid,"Glycine, serine and threonine metabolism",37076,GC/MS,1526,218,97-14-3;,65249,,HMDB02931
18,N-acetylthreonine,Amino acid,"Glycine, serine and threonine metabolism",33939,LC/MS Neg,846,160.1,,4651717,C01118,
170,N-acetyltryptophan,Amino acid,Tryptophan metabolism,33959,LC/MS Neg,2650,245.2,1218-34-4;,700653,C03137,
132,N-acetyltyrosine,Amino acid,Phenylalanine & tyrosine metabolism,32390,LC/MS Neg,1677,222.2,537-55-3 ;,68310,,HMDB00866
196,N-acetylvaline,Amino acid,"Valine, leucine and isoleucine metabolism",1591,LC/MS Pos,2654,160.1,96-81-1;,66789,,HMDB11757
1565,naproxen,Xenobiotics,Drug,12122,LC/MS Neg,4168,228.9,22204-53-1;,156391,C01517,HMDB01923
738,nervonate (24:1n9),Lipid,Long chain fatty acid,41820,GC/MS,2201,423.4,506-37-6 ;,5281120,C08323,HMDB02368
1324,nicotinamide,Cofactors and vitamins,Nicotinate and nicotinamide metabolism,594,LC/MS Pos,1267,123.1,98-92-0;,936,C00153,HMDB01406
1327,nicotinamide adenine dinucleotide (NAD+),Cofactors and vitamins,Nicotinate and nicotinamide metabolism,5278,LC/MS Pos,1370,664,53-84-9;,"1,089,765,158,925,290,000",C00003,HMDB00902
1328,nicotinamide adenine dinucleotide reduced (NADH),Cofactors and vitamins,Nicotinate and nicotinamide metabolism,31475,LC/MS Neg,1554,664.1,58-68-4 ;606-68-8;,439153,C00004,HMDB01487
1326,nicotinamide ribonucleotide (NMN),Cofactors and vitamins,Nicotinate and nicotinamide metabolism,22152,LC/MS Pos,886,335.1,1094-61-7;,14180,C00455,HMDB00229
1334,nicotinamide riboside*,Cofactors and vitamins,Nicotinate and nicotinamide metabolism,33013,LC/MS Pos,955,255.1,1341-23-7;,,,
1338,nicotinate,Cofactors and vitamins,Nicotinate and nicotinamide metabolism,1504,LC/MS Neg,1221,122.1,59-67-6;,938,C00253,HMDB01488
1329,nicotinate adenine dinucleotide (NAAD+),Cofactors and vitamins,Nicotinate and nicotinamide metabolism,15725,LC/MS Neg,1236,662.9,6450-77-7;104809-30-5;,,,
43,N-methylglutamate,Amino acid,Glutamate metabolism,31532,GC/MS,1665,260.2,35989-16-3;,439377,C01046,
904,octanoylcarnitine,Lipid,Carnitine metabolism,33936,LC/MS Pos,4100,288.3,3671-77-0;,123701,,
708,oleate (18:1n9),Lipid,Long chain fatty acid,1359,GC/MS,1984.4,339.2,112-80-1;,445639,C00712,HMDB00207
914,oleoylcarnitine,Lipid,Carnitine metabolism,35160,LC/MS Pos,5202,426.4,,,,HMDB05065
300,ophthalmate,Amino acid,Glutathione metabolism,34592,LC/MS Neg,920,288.1,495-27-2;,9817431,,HMDB05765
258,ornithine,Amino acid,"Urea cycle; arginine-, proline-, metabolism",1493,GC/MS,1763.8,141.9,3184-13-2;,6262,C00077,HMDB03374
1542,p-acetamidophenylglucuronide,Xenobiotics,Drug,33423,LC/MS Neg,1377,326.1,120595-80-4;,4022661,,HMDB10316
701,palmitate (16:0),Lipid,Long chain fatty acid,1336,LC/MS Neg,5619,255.3,57-10-3;,985,C00249,HMDB00220
702,palmitoleate (16:1n7),Lipid,Long chain fatty acid,33447,LC/MS Neg,5477,253.3,373-49-9;,445638,C08362,HMDB03229
1086,palmitoyl sphingomyelin,Lipid,Sphingolipid,37506,GC/MS,2524,311.3,,9939941,,
912,palmitoylcarnitine,Lipid,Carnitine metabolism,22189,LC/MS Pos,5179,400.4,6865-14-1;,461,,
1347,pantothenate,Cofactors and vitamins,Pantothenate and CoA metabolism,1508,LC/MS Pos,2218,220.1,137-08-6;,6613,C00864,HMDB00210
1623,paroxetine,Xenobiotics,Drug,40461,LC/MS Pos,4222,330.2,110429-49-8;,43815,"D02362,C07415",
94,p-cresol sulfate,Amino acid,Phenylalanine & tyrosine metabolism,36103,LC/MS Neg,2896,187.1,3233-57-7;,4615422,C01468,
690,pelargonate (9:0),Lipid,Medium chain fatty acid,12035,LC/MS Neg,4847,157.2,112-05-0;,5461016,C01601,HMDB00847
1593,penicillin G,Xenobiotics,Drug,37468,LC/MS Pos,3314,335.2,69-57-8;,2349,C05551,
700,pentadecanoate (15:0),Lipid,Long chain fatty acid,1361,GC/MS,1853.5,299.2,1002-84-2;,13849,C16537,HMDB00826
1488,phenol red,Xenobiotics,Chemical,36817,LC/MS Neg,3650,353.1,143-74-8;,4766,C12600,
142,phenol sulfate,Amino acid,Phenylalanine & tyrosine metabolism,32553,LC/MS Neg,2150,173.1,937-34-8;,74426,C02180,
135,phenylacetylglutamine,Amino acid,Phenylalanine & tyrosine metabolism,35126,LC/MS Pos,2868,265.2,28047-15-6;,306137,C04148,HMDB06344
89,phenylalanine,Amino acid,Phenylalanine & tyrosine metabolism,64,LC/MS Pos,2056,166.1,63-91-2;,"69,256,656,140",C00079,HMDB00159
365.1,phenylalanylalanine,Peptide,Dipeptide,41374,LC/MS Pos,2047.6,237.1,3918-87-4;,"69,931,235,488,196",,
454.92,phenylalanylarginine,Peptide,Dipeptide,41487,LC/MS Pos,1553,322.2,1238-09-1;,10268029,,
454.9,phenylalanylaspartate,Peptide,Dipeptide,41419,LC/MS Pos,1901,281.1,22828-05-3;,335051,,
365.2,phenylalanylglutamate,Peptide,Dipeptide,41432,LC/MS Pos,2005,295.2,3617-45-6;,4422358,,
365.5,phenylalanylglycine,Peptide,Dipeptide,41370,LC/MS Neg,2460.8,221.1,721-90-4;,98207,,
428,phenylalanylleucine,Peptide,Dipeptide,40192,LC/MS Pos,3252,279.2,3303-55-7;,4078229,,
365.6,phenylalanylmethionine,Peptide,Dipeptide,41436,LC/MS Pos,2772,297.2,15080-84-9;,,,
365,phenylalanylphenylalanine,Peptide,Dipeptide,38150,LC/MS Pos,3317,313.2,2577-40-4;,"69,930,906,993,089",,
453.1,phenylalanylproline,Peptide,Dipeptide,41392,LC/MS Neg,3170,261.2,7669-65-0;,4069131,,
430,phenylalanylserine,Peptide,Dipeptide,40016,LC/MS Pos,1808,253.1,16053-39-7;,9859812,,
454.93,phenylalanyltryptophan,Peptide,Dipeptide,41377,LC/MS Pos,3349,352.2,24587-41-5;,,,
365.3,phenylalanyltyrosine,Peptide,Dipeptide,41527,LC/MS Pos,2630,329.2,17355-18-9;,,,
365.4,phenylalanylvaline,Peptide,Dipeptide,41393,LC/MS Pos,2570,265.1,3918-90-9;,4096934,,
671,phosphate,Energy,Oxidative phosphorylation,11438,GC/MS,1307.7,298.9,7664-38-2 ;,1061,C00009,HMDB01429
602,phosphoenolpyruvate (PEP),Carbohydrate,"Glycolysis, gluconeogenesis, pyruvate metabolism",597,GC/MS,1595.4,369,10526-80-4;,1005,C00074,HMDB00263
956,phosphoethanolamine,Lipid,Glycerolipid metabolism,1600,LC/MS Neg,644,140.1,1071-23-4;,"52,323,241,015",C00346,HMDB00224
1078,phytosphingosine,Lipid,Sphingolipid,1510,LC/MS Pos,5189,318.4,554-62-1;,,C12144,HMDB04610
80,pipecolate,Amino acid,Lysine metabolism,1444,LC/MS Pos,1120,130.1,4043-87-2;,849,C00408,HMDB00070
1694,piperine,Xenobiotics,Food component/Plant,33935,LC/MS Pos,5136,286.2,94-62-2;,638024,C03882,
1591,pivaloylcarnitine,Xenobiotics,Drug,35432,LC/MS Pos,2370,246.2,,126894,,
1181,pregnanediol-3-glucuronide,Lipid,Sterol/Steroid,40708,LC/MS Neg,5136.9,495.4,1852-49-9;,123796,,
1170,pregnen-diol disulfate*,Lipid,Sterol/Steroid,32562,LC/MS Neg,3886,238.3,,,C05484,HMDB04025
363,pro-hydroxy-pro,Peptide,Dipeptide,35127,LC/MS Pos,960,229.2,18684-24-7;,11673055,,HMDB06695
261,proline,Amino acid,"Urea cycle; arginine-, proline-, metabolism",1898,LC/MS Pos,796,116.1,147-85-3;,"1,457,426,971,047",C00148,HMDB00162
347,prolylglycine,Peptide,Dipeptide,40703,LC/MS Pos,875,173.1,2578-57-6;,"74,080,766,426,709",,
,prolylmethionine,,,41386,LC/MS Pos,1736.8,247.1,52899-08-8;,"52,500,735,233,577",,
888,propionylcarnitine,Lipid,Fatty acid metabolism (also BCAA metabolism),32452,LC/MS Pos,1589,218.2,17298-37-2 ;,107738,C03017,HMDB00824
830,prostaglandin A2,Lipid,Eicosanoid,19761,LC/MS Neg,4875,333.3,13345-50-1;,5280880,C05953,HMDB02752
834,prostaglandin E2,Lipid,Eicosanoid,7746,LC/MS Neg,4562,351.3,363-24-6;,5280360,C00584,HMDB01220
1280,pseudouridine,Nucleotide,"Pyrimidine metabolism, uracil containing",33442,LC/MS Neg,1104,243.1,1445-07-4;,,C02067,HMDB00767
282,putrescine,Amino acid,Polyamine metabolism,1408,GC/MS,1705.8,174,110-60-1;,,C00134,HMDB01414
1364,pyridoxal,Cofactors and vitamins,Pyridoxal metabolism,1651,LC/MS Pos,1210,168.1,65-22-5;,1050,C00250,HMDB01545
1389,pyridoxate,Cofactors and vitamins,Vitamin B6 metabolism,31555,LC/MS Neg,2210,182.1,82-82-6 ;,6723,C00847,HMDB00017
46,pyroglutamine*,Amino acid,Glutamate metabolism,32672,LC/MS Pos,764,129.2,,134508,,
672,pyrophosphate (PPi),Energy,Oxidative phosphorylation,2078,GC/MS,1642.3,451,1466-09-3;,644102,C00013,HMDB00250
1768,quebrachitol,Xenobiotics,Food component/Plant,37088,GC/MS,1797,217,642-38-6;,,,
1674,quinate,Xenobiotics,Food component/Plant,18335,GC/MS,1793,345.1,77-95-2;,,C00296,HMDB03072
1649,quinidine,Xenobiotics,Drug,39766,LC/MS Pos,2712.6,325.3,56-54-2;,3036746,,
1336,quinolinate,Cofactors and vitamins,Nicotinate and nicotinamide metabolism,1899,GC/MS,1697.7,296.1,89-00-9;,1066,C03722,HMDB00232
1601,ranitidine,Xenobiotics,Drug,38595,LC/MS Pos,1967,315.1,66357-59-3;,3001055,D00422,HMDB01930
616,ribitol,Carbohydrate,"Nucleotide sugars, pentose metabolism",15772,GC/MS,1692.4,217,488-81-3;,,C00474,HMDB00508
1366,riboflavin (Vitamin B2),Cofactors and vitamins,Riboflavin metabolism,1827,LC/MS Pos,3111,377.2,83-88-5;,493570,C00255,HMDB00244
622,ribose,Carbohydrate,"Nucleotide sugars, pentose metabolism",12080,GC/MS,1639.2,204,50-69-1;,5311110,C00121,HMDB00283
627,ribulose,Carbohydrate,"Nucleotide sugars, pentose metabolism",35855,GC/MS,1662,306.1,488-84-6;,79021,C00309,"HMDB00621,HMDB03371"
83,saccharopine,Amino acid,Lysine metabolism,1495,GC/MS,2082.1,357.2,997-68-2;,160556,C00449,HMDB00279
236,S-adenosylhomocysteine (SAH),Amino acid,"Cysteine, methionine, SAM, taurine metabolism",15948,LC/MS Neg,1821,383.1,979-92-0;,,C00021,HMDB00939
235,S-adenosylmethionine (SAM),Amino acid,"Cysteine, methionine, SAM, taurine metabolism",15915,LC/MS Pos,676,399.1,24346-00-7;,,,
1533,salicylate,Xenobiotics,Drug,1515,LC/MS Neg,2226,137.1,69-72-7;,338,C00805,HMDB01895
2,sarcosine (N-Methylglycine),Amino acid,"Glycine, serine and threonine metabolism",1516,GC/MS,1182.9,116,107-97-1;,"10,887,311,726",C00213,HMDB00271
979,scyllo-inositol,Lipid,Inositol metabolism,32379,GC/MS,1893.8,318.2,488-59-5;,,C06153,HMDB06088
619,sedoheptulose-7-phosphate,Carbohydrate,"Nucleotide sugars, pentose metabolism",35649,GC/MS,2070,691.35,2646-35-7;,616,C05382,HMDB01068
8,serine,Amino acid,"Glycine, serine and threonine metabolism",1648,GC/MS,1389.1,204,56-45-1;,"59,516,857,581",C00065,HMDB03406
448,serylisoleucine*,Peptide,Dipeptide,40193,LC/MS Pos,2021,219.2,,,,
431,serylleucine,Peptide,Dipeptide,40066,LC/MS Pos,2106,219.2,6665-16-3;,,,
432,serylphenyalanine,Peptide,Dipeptide,40054,LC/MS Pos,2348,253.2,,,,
448.3,serylvaline,Peptide,Dipeptide,42058,LC/MS Pos,1501,205.1,51782-06-0;,,,
227,S-methylcysteine,Amino acid,"Cysteine, methionine, SAM, taurine metabolism",40262,GC/MS,1447.8,162.1,1187-84-4;,"705,817,424,417",,HMDB02108
560,sorbitol,Carbohydrate,"Fructose, mannose, galactose, starch, and sucrose metabolism",15053,GC/MS,1843,319.1,6706-59-8;,107428,C00794,HMDB00247
562,sorbitol 6-phosphate,Carbohydrate,"Fructose, mannose, galactose, starch, and sucrose metabolism",15699,LC/MS Neg,613,261.1,108392-12-7;,,C01096,HMDB05831
285,spermidine,Amino acid,Polyamine metabolism,485,LC/MS Pos,533,146.2,124-20-9;,1102,C00315,HMDB01257
288,spermine,Amino acid,Polyamine metabolism,603,LC/MS Pos,506,203.2,71-44-3;,1103,C00750,HMDB01256
1074,sphinganine,Lipid,Sphingolipid,17769,LC/MS Pos,5175,302.3,3102-56-5;,3126,C00836,HMDB00269
1077,sphingosine,Lipid,Sphingolipid,17747,LC/MS Pos,5197,300.2,123-78-4;,5353955,C00319,HMDB00252
1101,squalene,Lipid,Sterol/Steroid,1518,GC/MS,2205,69,111-02-4;,638072,C00751,HMDB00256
1753,stachydrine,Xenobiotics,Food component/Plant,34384,LC/MS Pos,860,144.1,4136-37-2;,115244,C10172,HMDB04827
706,stearate (18:0),Lipid,Long chain fatty acid,1358,LC/MS Neg,5886,283.4,57-11-4;,5281,C01530,HMDB00827
715,stearidonate (18:4n3),Lipid,Long chain fatty acid,33969,LC/MS Neg,5381,275.3,111174-40-4 ;,5312508,C16300,HMDB06547
913,stearoylcarnitine,Lipid,Carnitine metabolism,34409,LC/MS Pos,5300,428.4,18822-91-8;,,,HMDB00848
1617,streptomycin,Xenobiotics,Drug,39872,LC/MS Pos,543.3,300.8,3810-74-0;,5999,,
659,succinate,Energy,Krebs cycle,1437,GC/MS,1348,247,110-15-6;,1110,C00042,HMDB00254
660,succinylcarnitine,Energy,Krebs cycle,37058,LC/MS Pos,1401,262.1,,,,
1659,tartarate,Xenobiotics,Food component/Plant,15336,GC/MS,1626.1,292.1,87-69-4;6106-24-7;,875,C00898,HMDB00956
233,taurine,Amino acid,"Cysteine, methionine, SAM, taurine metabolism",2125,GC/MS,1616.4,254.1,107-35-7;,"11,234,068,592",C00245,HMDB00251
1129,testosterone,Lipid,Sterol/Steroid,19464,LC/MS Pos,5119,289.2,,6013,C00535,HMDB00234
1799,theobromine,Xenobiotics,Xanthine metabolism,18392,LC/MS Pos,2136,181.1,83-67-0;,5429,C07480,HMDB02825
617,threitol,Carbohydrate,"Nucleotide sugars, pentose metabolism",35854,GC/MS,1513,217.1,2418-52-2;,169019,C16884,HMDB04136
1300,threonate,Cofactors and vitamins,Ascorbate and aldarate metabolism,27738,GC/MS,1560.7,292.1,70753-61-6;,151152,C01620,HMDB00943
17,threonine,Amino acid,"Glycine, serine and threonine metabolism",1284,GC/MS,1412.3,218.1,72-19-5;,"69,710,196,288",C00188,HMDB00167
363.8,threonylglutamate,Peptide,Dipeptide,42067,LC/MS Pos,819,249.2,54532-73-9;,,,
433,threonylleucine,Peptide,Dipeptide,40051,LC/MS Pos,2204,233.2,50299-12-2;,4420322,,
433.1,threonylmethionine,Peptide,Dipeptide,42068,LC/MS Pos,1641,251.1,90729-28-5;,,,
364,threonylphenylalanine,Peptide,Dipeptide,31530,LC/MS Pos,2500,267.2,,"40,997,994,099,798",,
363.9,threonylvaline,Peptide,Dipeptide,42011,LC/MS Pos,1574.5,219.2,99032-17-4;,"4,167,214,278,432",,
1272,thymidine,Nucleotide,"Pyrimidine metabolism, thymine containing",39539,LC/MS Neg,1935,284.8,50-89-5;,5789,C00214,HMDB00273
1271,thymine,Nucleotide,"Pyrimidine metabolism, thymine containing",604,GC/MS,1429.1,255,65-71-4;,1135,C00178,HMDB00262
267,trans-4-hydroxyproline,Amino acid,"Urea cycle; arginine-, proline-, metabolism",1366,GC/MS,1537,140,51-35-4;,"58,106,971,053",C01157,HMDB00725
55,trans-urocanate,Amino acid,Histidine metabolism,607,LC/MS Pos,1119,139.1,104-98-3;,736715,C00785,HMDB00301
1439,triethyleneglycol,Xenobiotics,Chemical,27743,LC/MS Pos,1824,168.1,112-27-6;,,,
1345,trigonelline (N'-methylnicotinate),Cofactors and vitamins,Nicotinate and nicotinamide metabolism,32401,LC/MS Pos,757,138.1,6138-41-6 ;,5570,,HMDB00875
153,tryptophan,Amino acid,Tryptophan metabolism,54,LC/MS Pos,2445,205.1,73-22-3;,"69,235,166,305",C00078,HMDB00929
159,tryptophan betaine ,Amino acid,Tryptophan metabolism,37097,LC/MS Pos,2464,247.1,20671-76-5;,442106,C09213,
438,tryptophylasparagine,Peptide,Dipeptide,40661,LC/MS Pos,1963,319.2,175027-11-9;,,,
454.94,tryptophylglutamate,Peptide,Dipeptide,41401,LC/MS Pos,2246,334.2,36099-95-3;,3634442,,
434,tryptophylleucine,Peptide,Dipeptide,40080,LC/MS Pos,3369,318.2,13123-35-8;,323786,,
106,tyrosine,Amino acid,Phenylalanine & tyrosine metabolism,1299,LC/MS Pos,1516,182.1,60-18-4;,"60,576,942,100",C00082,HMDB00158
435,tyrosylalanine,Peptide,Dipeptide,40018,LC/MS Pos,1589.5,253.2,730-08-5;,"54,964,557,020,632",,
454.91,tyrosylglutamine,Peptide,Dipeptide,41459,LC/MS Pos,1437,310.2,28252-40-6;,,,
438.9,tyrosylglycine,Peptide,Dipeptide,41375,LC/MS Pos,1596.8,239.1,673-05-5;,259323,,
439.1,tyrosylhistidine,Peptide,Dipeptide,41464,LC/MS Pos,903,319.2,3788-44-1;,,,
437,tyrosylleucine,Peptide,Dipeptide,40031,LC/MS Pos,2656,295.2,17355-10-1;,"870,717,009,561",,
441,tyrosyllysine,Peptide,Dipeptide,40656,LC/MS Pos,949.1,310.2,54925-88-1;,,,
439.2,tyrosylphenylalanine,Peptide,Dipeptide,41492,LC/MS Pos,2890,329.2,17355-11-2;,3421919,,
439,tyrosyltyrosine,Peptide,Dipeptide,40667,LC/MS Pos,2177,345.2,1050-28-8;,5057430,,
376.3,tyrosylvaline,Peptide,Dipeptide,41424,LC/MS Pos,2041,281.2,17355-09-8;,"70,095,607,009,559",,
800,undecanedioate,Lipid,"Fatty acid, dicarboxylate",35671,LC/MS Neg,2376,215.1,1852-04-6;,15816,,HMDB00888
1277,uracil,Nucleotide,"Pyrimidine metabolism, uracil containing",605,GC/MS,1370.4,241,66-22-8;,1174,C00106,HMDB00300
1247,urate,Nucleotide,"Purine metabolism, urate metabolism",1604,LC/MS Neg,769,167.1,69-93-2;120K5305;,,C00366,HMDB00289
260,urea,Amino acid,"Urea cycle; arginine-, proline-, metabolism",1670,GC/MS,1223.9,171,57-13-6;,"117,616,150,869",C00086,HMDB00294
1279,uridine,Nucleotide,"Pyrimidine metabolism, uracil containing",606,LC/MS Neg,1430,243.1,58-96-8;,6029,C00299,HMDB00296
1287,uridine monophosphate (5' or 3'),Nucleotide,"Pyrimidine metabolism, uracil containing",39879,LC/MS Pos,1079,325,,,,
892,valerylcarnitine,Lipid,Fatty acid metabolism,34406,LC/MS Pos,2584,246.2,,6426903,,HMDB13128
200,valine,Amino acid,"Valine, leucine and isoleucine metabolism",1649,LC/MS Pos,1040,118.1,72-18-4;,"69,710,186,287",C00183,HMDB00883
376.4,valylalanine,Peptide,Dipeptide,41518,LC/MS Pos,1278.6,189.1,27493-61-4;,334517,,
368.9,valylarginine,Peptide,Dipeptide,42072,LC/MS Pos,794.2,274.2,37682-75-0;,4266827,,
369,valylasparagine,Peptide,Dipeptide,40727,LC/MS Neg,1334,230.2,66170-00-1;,"70,202,007,020,201",C00252,HMDB02923
442,valylaspartate,Peptide,Dipeptide,40650,LC/MS Pos,1073.3,233.1,20556-16-5;,9964657,,
370,valylglutamate,Peptide,Dipeptide,32454,LC/MS Pos,1346,247.1,3062-07-5;,7009623,,
370.1,valylglutamine,Peptide,Dipeptide,42079,LC/MS Pos,1102,246.2,42854-54-6;,5253209,,
449,valylglycine,Peptide,Dipeptide,40475,LC/MS Pos,1330,175.1,686-43-1;,136487,,
453,valylhistidine,Peptide,Dipeptide,40680,LC/MS Neg,1629.1,253.2,13589-07-6;,,,
445,valylisoleucine,Peptide,Dipeptide,40050,LC/MS Pos,2365,231.2,20556-14-3;,"52,460,125,246,013",,
386,valylleucine,Peptide,Dipeptide,39994,LC/MS Pos,2503.3,231.2,,352039,,
442.1,valyllysine,Peptide,Dipeptide,41384,LC/MS Neg,1601.8,244.2,22677-62-9;,5253210,,
372,valylmethionine,Peptide,Dipeptide,40674,LC/MS Pos,2000,249.1,14486-09-0;,292427,,
374,valylphenylalanine,Peptide,Dipeptide,40688,LC/MS Pos,2790,265.2,3918-92-1;,"69,931,196,993,120",,
371,valylserine,Peptide,Dipeptide,40716,LC/MS Neg,1332,203.2,15388-94-8;,139506,,
454,valyltryptophan,Peptide,Dipeptide,40649,LC/MS Pos,2830,304.2,24587-37-9;,3360287,,
373,valyltyrosine,Peptide,Dipeptide,40697,LC/MS Pos,2000,281.2,3061-91-4;,4065033,,
375,valylvaline,Peptide,Dipeptide,40728,LC/MS Pos,1842,217.2,3918-94-3;,"4,096,824,280,382",,
109,vanillylmandelate (VMA),Amino acid,Phenylalanine & tyrosine metabolism,1567,GC/MS,1806.8,297.1,55-10-7;,1245,C05584,HMDB00291
1603,venlafaxine,Xenobiotics,Drug,38623,LC/MS Pos,3700,278.2,93413-69-5;,5656,C07187,HMDB05016
489,VGAHAGEYGAEALER*,Peptide,Polypeptide,35211,LC/MS Pos,2542,765.8,,,,
1187,xanthine,Nucleotide,"Purine metabolism, (hypo)xanthine/inosine containing",3147,LC/MS Pos,1430,153.1,69-89-6;,1188,C00385,HMDB00292
1188,xanthosine,Nucleotide,"Purine metabolism, (hypo)xanthine/inosine containing",15136,LC/MS Pos,1785,285,146-80-5;,64959,C01762,HMDB00299
633,xylitol,Carbohydrate,"Nucleotide sugars, pentose metabolism",41319,GC/MS,1677.6,217,87-99-0;,6912,C00379,HMDB00568
638,xylonate,Carbohydrate,"Nucleotide sugars, pentose metabolism",35638,GC/MS,1722,292,73686-31-7;,6602431,C05411,
637,xylose,Carbohydrate,"Nucleotide sugars, pentose metabolism",15835,GC/MS,1723.9,204,609-06-3;,95259,C00181,HMDB00098
639,xylulose,Carbohydrate,"Nucleotide sugars, pentose metabolism",18344,GC/MS,1668,306.1,551-84-8;,5289590,C00310,HMDB00654
,X - 01497,,,33028,LC/MS Pos,5115,332.2,,,,
,X - 02249,,,32587,LC/MS Neg,4025,267.2,,,,
,X - 02269,,,32549,LC/MS Neg,1551,255.1,,,,
,X - 03056,,,32709,LC/MS Pos,2264,185.2,,,,
,X - 10445,,,32894,LC/MS Pos,1939,250.1,,,,
,X - 11204,,,32518,LC/MS Pos,5263,229.2,,,,
,X - 11261,,,32578,LC/MS Pos,3600,286.2,,,,
,X - 11299,,,32616,LC/MS Neg,4893,507.2,,,,
,X - 11315,,,32632,LC/MS Pos,1210,130.2,,,,
,X - 11332,,,32649,LC/MS Pos,935,212.1,,,,
,X - 11333,,,32650,LC/MS Pos,1019,212.1,,,,
,X - 11334,,,32651,LC/MS Pos,982,259.1,,,,
,X - 11372,,,32689,LC/MS Neg,5303,467.4,,,,
,X - 11381,,,32698,LC/MS Pos,1126,186.2,,,,
,X - 11423,,,32740,LC/MS Neg,1038,260.1,,,,
,X - 11437,,,32754,LC/MS Neg,2888,231,,,,
,X - 11440,,,32757,LC/MS Neg,3571,246.3,,,,
,X - 11444,,,32761,LC/MS Neg,3983,541.2,,,,
,X - 11452,,,32769,LC/MS Neg,4109,352.1,,,,
,X - 11469,,,32786,LC/MS Pos,3874,239.1,,,,
,X - 11511,,,32828,LC/MS Neg,4119,215.2,,,,
,X - 11521,,,32838,LC/MS Pos,3650,286.2,,,,
,X - 11533,,,32850,LC/MS Neg,4904,243.2,,,,
,X - 11537,,,32854,LC/MS Pos,5200,366.3,,,,
,X - 11538,,,32855,LC/MS Neg,4920,311.3,,,,
,X - 11542,,,32859,LC/MS Pos,5247,245.2,,,,
,X - 11550,,,32867,LC/MS Neg,5130,250.2,,,,
,X - 11561,,,32878,LC/MS Neg,1252,267.1,,,,
,X - 11564,,,32881,LC/MS Neg,1188,177.1,,,,
,X - 11575,,,32892,LC/MS Pos,1799,264.1,,,,
,X - 11578,,,32895,LC/MS Pos,2146,298.1,,,,
,X - 11583,,,32900,LC/MS Pos,2793,457.1,,,,
,X - 11585,,,32902,LC/MS Pos,2987,332,,,,
,X - 11611,,,32928,LC/MS Neg,1632,429.1,,,,
,X - 11612,,,32974,LC/MS Pos,1835,285,,,,
,X - 11613,,,32930,LC/MS Neg,1658,369.1,,,,
,X - 11615,,,32932,LC/MS Neg,1604,228.2,,,,
,X - 11639,,,32956,LC/MS Neg,3688,432.2,,,,
,X - 11641,,,32958,LC/MS Neg,3950,325.3,,,,
,X - 11662,,,33269,LC/MS Pos,3172,251.1,,,,
,X - 11668,,,32996,LC/MS Neg,1367,215.2,,,,
,X - 11684,,,33026,LC/MS Pos,2992,328,,,,
,X - 11687,,,33031,LC/MS Pos,2182,384.1,,,,
,X - 11799,,,33144,LC/MS Pos,1572,226,,,,
,X - 11814,,,33159,LC/MS Pos,2372,152.1,,,,
,X - 11827,,,33172,LC/MS Neg,1575,312.1,,,,
,X - 11837,,,33248,LC/MS Neg,2484,283.1,,,,
,X - 11861,,,33206,LC/MS Neg,4617,229.2,,,,
,X - 11875,,,33220,LC/MS Neg,5272,381.3,,,,
,X - 11880,,,33225,LC/MS Neg,5378,537.4,,,,
,X - 11945,,,33290,LC/MS Pos,1896,283.1,,,,
,X - 12014,,,33360,LC/MS Neg,1998,249.1,,,,
,X - 12051,,,33403,LC/MS Pos,5739,456.4,,,,
,X - 12056,,,33408,LC/MS Pos,1129,156.2,,,,
,X - 12093,,,33508,LC/MS Pos,1063,203.2,,,,
,X - 12100,,,33515,LC/MS Pos,1793,221.1,,,,
,X - 12104,,,33519,LC/MS Pos,1755,271.1,,,,
,X - 12127,,,33542,LC/MS Pos,1235,226.1,,,,
,X - 12179,,,33600,LC/MS Neg,1867,194.2,,,,
,X - 12199,,,33620,LC/MS Pos,3038,263.1,,,,
,X - 12244,,,33666,LC/MS Pos,1147,269.2,,,,
,X - 12283,,,33829,LC/MS Neg,2980,243.2,,,,
,X - 12362,,,33790,LC/MS Pos,1073,265,,,,
,X - 12443,,,33885,LC/MS Neg,5353,994.4,,,,
,X - 12450,,,33892,LC/MS Neg,5397,251.4,,,,
,X - 12462,,,33907,LC/MS Pos,1269,148.2,,,,
,X - 12465,,,33910,LC/MS Pos,1475,248.2,,,,
,X - 12543,,,34103,LC/MS Neg,1451,181.1,,,,
,X - 12627,,,34221,LC/MS Neg,5732,357.4,,,,
,X - 12636,,,34235,LC/MS Pos,3890,259.2,,,,
,X - 12660,,,34265,LC/MS Pos,5667,442.2,,,,
,X - 12687,,,34307,LC/MS Neg,861,355.1,,,,
,X - 12715,,,34375,LC/MS Pos,2067,281.2,,,,
,X - 12718,,,34328,LC/MS Neg,1750,324.1,,,,
,X - 12739,,,34349,LC/MS Neg,2414,241.2,,,,
,X - 12741,,,34351,LC/MS Neg,2485,294.1,,,,
,X - 12742,,,34352,LC/MS Neg,2534,241.2,,,,
,X - 12746,,,34356,LC/MS Neg,2540,439.2,,,,
,X - 12748,,,37939,LC/MS Neg,558,320.1,,,,
,X - 12760,,,34370,LC/MS Pos,2001,302.2,,,,
,X - 12776,,,34453,LC/MS Neg,665,119.1,,,,
,X - 12780,,,34461,LC/MS Pos,3056,346.1,,,,
,X - 12791,,,34474,LC/MS Pos,2589,384.2,,,,
,X - 12792,,,34475,LC/MS Pos,812,134,,,,
,X - 12800,,,34483,LC/MS Pos,2263,417.3,,,,
,X - 12803,,,34486,LC/MS Pos,2735,284.1,,,,
,X - 12805,,,34488,LC/MS Pos,3259,358.2,,,,
,X - 12816,,,34499,LC/MS Neg,2676,495.3,,,,
,X - 12824,,,40821,LC/MS Pos,3380.1,245.2,,,,
,X - 12844,,,34527,LC/MS Neg,4168,539.3,,,,
,X - 12846,,,34529,LC/MS Neg,4218,481.3,,,,
,X - 12849,,,34532,LC/MS Neg,4726,331.2,,,,
,X - 12851,,,34535,LC/MS Neg,4886,624.4,,,,
,X - 12854,,,34538,LC/MS Pos,1380,405.2,,,,
,X - 12855,,,34539,LC/MS Pos,1404,248.2,,,,
,X - 12860,,,34544,LC/MS Pos,2264,276.2,,,,
,X - 12869,,,34553,LC/MS Neg,1385,192.1,,,,
,X - 12992,,,34676,LC/MS Pos,1480,429,,,,
,X - 13005,,,34690,LC/MS Neg,3519,197.1,,,,
,X - 13068,,,34760,LC/MS Pos,3965,353.1,,,,
,X - 13082,,,34774,LC/MS Pos,3875,309.2,,,,
,X - 13086,,,34778,LC/MS Pos,3914,309.2,,,,
,X - 13098,,,34790,LC/MS Neg,2438,307.1,,,,
,X - 13143,,,34835,LC/MS Neg,3725,307.1,,,,
,X - 13145,,,34837,LC/MS Pos,2657,335.2,,,,
,X - 13159,,,34851,LC/MS Neg,2612,332.9,,,,
,X - 13162,,,34854,LC/MS Neg,3098,526.1,,,,
,X - 13176,,,34868,LC/MS Pos,5448,500.1,,,,
,X - 13215,,,34912,LC/MS Neg,5179,149.2,,,,
,X - 13230,,,34927,LC/MS Neg,674,161,,,,
,X - 13342,,,35042,LC/MS Pos,3089,263.1,,,,
,X - 13368,,,35068,LC/MS Neg,2228,261,,,,
,X - 13391,,,35091,LC/MS Pos,3975,204.1,,,,
,X - 13396,,,35099,LC/MS Pos,5153,246.2,,,,
,X - 13421,,,35154,LC/MS Pos,2381,597.4,,,,
,X - 13423,,,35164,LC/MS Pos,4970,318.2,,,,
,X - 13445,,,35208,LC/MS Pos,2088,729.6,,,,
,X - 13446,,,35209,LC/MS Pos,2145,477.1,,,,
,X - 13447,,,35210,LC/MS Pos,2381,179.2,,,,
,X - 13451,,,35214,LC/MS Pos,3430,471.1,,,,
,X - 13478,,,35241,LC/MS Pos,990,188.2,,,,
,X - 13483,,,35247,LC/MS Pos,1982,237.1,,,,
,X - 13504,,,35278,LC/MS Pos,948,228.1,,,,
,X - 13512,,,35286,LC/MS Pos,2176,247.1,,,,
,X - 13520,,,35294,LC/MS Pos,4256,290.1,,,,
,X - 13529,,,35290,LC/MS Pos,3088,190.1,,,,
,X - 13543,,,35321,LC/MS Pos,1096,484.1,,,,
,X - 13557,,,35335,LC/MS Neg,3611,252,,,,
,X - 13558,,,35336,LC/MS Neg,5045,325.2,,,,
,X - 13560,,,35338,LC/MS Neg,5220,367.3,,,,
,X - 13647,,,35430,LC/MS Neg,2821,345.2,,,,
,X - 13698,,,35507,LC/MS Pos,1900,413,,,,
,X - 13699,,,35508,LC/MS Pos,2376,284.2,,,,
,X - 13709,,,35518,LC/MS Pos,1938,302.1,,,,
,X - 13734,,,35544,LC/MS Neg,2265,410.1,,,,
,X - 13737,,,35547,LC/MS Pos,923,129.1,,,,
,X - 13844,,,35739,LC/MS Neg,1425,209.1,,,,
,X - 13859,,,35754,LC/MS Neg,721,286.1,,,,
,X - 13871,,,35766,LC/MS Pos,980,192,,,,
,X - 13872,,,35767,LC/MS Neg,5125,339.2,,,,
,X - 13975,,,35885,LC/MS Neg,3196,333,,,,
,X - 14007,,,35919,LC/MS Pos,3437,307.1,,,,
,X - 14015,,,35927,LC/MS Neg,3539,305.1,,,,
,X - 14057,,,35978,LC/MS Pos,1069,192,,,,
,X - 14108,,,36032,LC/MS Pos,1124,219.2,,,,
,X - 14121,,,36046,LC/MS Pos,1472,294.2,,,,
,X - 14141,,,36067,LC/MS Neg,1337,259.1,,,,
,X - 14145,,,36071,LC/MS Pos,1563,233.2,,,,
,X - 14192,,,36118,LC/MS Pos,1582,260.2,,,,
,X - 14193,,,36119,LC/MS Pos,1818,283.1,,,,
,X - 14195,,,36121,LC/MS Neg,1725,217.2,,,,
,X - 14264,,,36190,LC/MS Neg,2086,258.2,,,,
,X - 14272,,,36198,LC/MS Pos,2265,261.1,,,,
,X - 14320,,,36246,LC/MS Pos,2501,295.1,,,,
,X - 14331,,,36257,LC/MS Pos,2560,393.1,,,,
,X - 14346,,,36272,LC/MS Pos,2621,358.2,,,,
,X - 14347,,,36273,LC/MS Neg,2509,292.2,,,,
,X - 14384,,,36310,LC/MS Neg,2732,265.2,,,,
,X - 14458,,,36384,LC/MS Neg,3446,391.1,,,,
,X - 14503,,,36430,LC/MS Pos,3552,344.2,,,,
,X - 14590,,,36517,LC/MS Pos,1192,361.2,,,,
,X - 14594,,,36521,LC/MS Pos,5267,260.2,,,,
,X - 14596,,,36523,LC/MS Pos,2510,176.1,,,,
,X - 14600,,,36527,LC/MS Pos,1771,365.1,,,,
,X - 14606,,,36533,LC/MS Pos,3091,637.7,,,,
,X - 14613,,,36540,LC/MS Pos,2404,735,,,,
,X - 14696,,,36623,LC/MS Neg,1248,259.2,,,,
,X - 14837,,,36854,LC/MS Pos,1497,233.1,,,,
,X - 14900,,,36927,LC/MS Neg,2117,258.2,,,,
,X - 15136,,,37277,LC/MS Pos,4063,243.1,,,,
,X - 15150,,,37291,LC/MS Neg,1534,294.1,,,,
,X - 15160,,,37301,LC/MS Pos,1468,283.1,,,,
,X - 15166,,,37307,LC/MS Pos,1740,280.1,,,,
,X - 15168,,,37309,LC/MS Pos,1850,294.1,,,,
,X - 15174,,,37315,LC/MS Pos,2333,525.2,,,,
,X - 15220,,,37362,LC/MS Neg,2632,274.1,,,,
,X - 15222,,,37364,LC/MS Neg,5138,211.2,,,,
,X - 15301,,,37548,LC/MS Neg,4991,311.1,,,,
,X - 15324,,,37571,LC/MS Neg,1167,249,,,,
,X - 15337,,,37584,LC/MS Pos,3702,272,,,,
,X - 15351,,,37598,LC/MS Pos,4754,304,,,,
,X - 15363,,,37610,LC/MS Pos,3208,190.1,,,,
,X - 15371,,,37618,LC/MS Neg,4060,557.2,,,,
,X - 15375,,,37622,LC/MS Pos,2502,328,,,,
,X - 15382,,,37629,LC/MS Pos,2540,271,,,,
,X - 15386,,,37633,LC/MS Pos,2518,692.2,,,,
,X - 15415,,,37663,LC/MS Neg,3086,330,,,,
,X - 15420,,,37668,LC/MS Neg,889,192,,,,
,X - 15472,,,37720,LC/MS Pos,3653,204.1,,,,
,X - 15482,,,37730,LC/MS Pos,3635,272.1,,,,
,X - 15484,,,37732,LC/MS Pos,2506,271,,,,
,X - 15486,,,37734,LC/MS Neg,3638,269.2,,,,
,X - 15494,,,37742,LC/MS Neg,2038,572.2,,,,
,X - 15503,,,37751,LC/MS Neg,1882,193.1,,,,
,X - 15520,,,37881,LC/MS Neg,1372,476.1,,,,
,X - 15523,,,37771,LC/MS Neg,4203,309.1,,,,
,X - 15534,,,37782,LC/MS Pos,2372,551.6,,,,
,X - 15546,,,37795,LC/MS Pos,1861,271.1,,,,
,X - 15564,,,37837,LC/MS Neg,1330,189.1,,,,
,X - 15565,,,37814,LC/MS Pos,1269,374.2,,,,
,X - 15572,,,37821,LC/MS Pos,2475,296.3,,,,
,X - 15576,,,37825,LC/MS Pos,3108,454.9,,,,
,X - 15577,,,37826,LC/MS Pos,3298,416.2,,,,
,X - 15578,,,37827,LC/MS Pos,3334,652.2,,,,
,X - 15579,,,37828,LC/MS Pos,3419,460.2,,,,
,X - 15580,,,37829,LC/MS Pos,3525,504.2,,,,
,X - 15581,,,37830,LC/MS Pos,3527,446.2,,,,
,X - 15591,,,37840,LC/MS Neg,1790,203.1,,,,
,X - 15592,,,37841,LC/MS Neg,1819,360.1,,,,
,X - 15594,,,37843,LC/MS Neg,1929,341.1,,,,
,X - 15595,,,37844,LC/MS Neg,2124,343,,,,
,X - 15601,,,37850,LC/MS Neg,2711,320.9,,,,
,X - 15602,,,37851,LC/MS Neg,2803,317.2,,,,
,X - 15606,,,37855,LC/MS Neg,3196,247,,,,
,X - 15609,,,37858,LC/MS Neg,3664,273.1,,,,
,X - 15612,,,37861,LC/MS Neg,3908,303.2,,,,
,X - 15624,,,37873,LC/MS Neg,4982,424.7,,,,
,X - 15664,,,37913,LC/MS Neg,3695,469.2,,,,
,X - 15678,,,37927,LC/MS Pos,1742,249.1,,,,
,X - 15680,,,37929,LC/MS Pos,1835,297.1,,,,
,X - 15689,,,37938,LC/MS Pos,4467,523.6,,,,
,X - 15691,,,37940,LC/MS Neg,5170,387.2,,,,
,X - 15807,,,38062,LC/MS Neg,3366,337.2,,,,
,X - 15808,,,38063,LC/MS Neg,3534,240.2,,,,
,X - 15824,,,38081,LC/MS Pos,3114,254.1,,,,
,X - 15825,,,38082,LC/MS Pos,2576,291.1,,,,
,X - 15842,,,38191,LC/MS Neg,1616,170.1,,,,
,X - 16065,,,38508,LC/MS Neg,1364,442.2,,,,
,X - 16094,,,38537,LC/MS Pos,3691,276.2,,,,
,X - 16103,,,38546,LC/MS Neg,659.1,99.3,,,,
,X - 16182,,,38740,LC/MS Pos,1439.8,271.3,,,,
,X - 16186,,,38744,LC/MS Pos,2264.8,549.3,,,,
,X - 16209,,,38775,LC/MS Neg,5168.9,271.2,,,,
,X - 16252,,,38821,LC/MS Neg,1534.6,174.1,,,,
,X - 16253,,,38822,LC/MS Neg,1683.7,174,,,,
,X - 16272,,,38841,LC/MS Pos,3598.1,575,,,,
,X - 16292,,,38861,LC/MS Neg,2962.1,374.2,,,,
,X - 16335,,,38904,LC/MS Neg,1866.6,336.2,,,,
,X - 16336,,,38905,LC/MS Neg,1877.2,258.1,,,,
,X - 16368,,,38937,LC/MS Neg,2790.8,331.2,,,,
,X - 16379,,,38948,LC/MS Neg,3159.6,231.1,,,,
,X - 16380,,,38949,LC/MS Neg,3194,838.3,,,,
,X - 16468,,,39040,LC/MS Pos,2143.4,246.1,,,,
,X - 16475,,,39048,LC/MS Pos,2609.5,319.1,,,,
,X - 16626,,,39199,LC/MS Pos,4348.4,464.4,,,,
,X - 16693,,,39272,LC/MS Pos,1628.4,176,,,,
,X - 16932,,,39515,LC/MS Neg,3959.3,469.2,,,,
,X - 16940,,,39523,LC/MS Neg,1694.1,204.9,,,,
,X - 16947,,,39530,LC/MS Neg,3808.5,345.2,,,,
,X - 16964,,,39550,LC/MS Neg,2988,174.2,,,,
,X - 16965,,,39551,LC/MS Neg,1602,126.2,,,,
,X - 16975,,,39561,LC/MS Pos,2291.8,255.1,,,,
,X - 16990,,,39576,LC/MS Neg,2342.4,170.2,,,,
,X - 17010,,,39641,LC/MS Neg,3169.5,189,,,,
,X - 17080,,,39715,LC/MS Neg,3622.1,311.2,,,,
,X - 17092,,,39729,LC/MS Pos,1244.3,324.1,,,,
,X - 17101,,,39738,LC/MS Pos,1818,454.3,,,,
,X - 17114,,,39751,LC/MS Neg,2280.3,573.2,,,,
,X - 17115,,,39752,LC/MS Neg,1308.7,316,,,,
,X - 17137,,,39800,LC/MS Neg,3465.5,449.2,,,,
,X - 17147,,,39811,LC/MS Neg,4830,187.2,,,,
,X - 17246,,,39949,LC/MS Neg,1223.1,362.1,,,,
,X - 17254,,,39962,LC/MS Neg,5370.7,970.5,,,,
,X - 17299,,,40097,LC/MS Pos,1265.9,229.2,,,,
,X - 17306,,,40104,LC/MS Pos,2202.6,290.2,,,,
,X - 17327,,,40125,LC/MS Pos,3601.2,257.2,,,,
,X - 17341,,,40139,LC/MS Pos,4846.4,560.2,,,,
,X - 17350,,,40157,LC/MS Neg,2728.5,345.3,,,,
,X - 17351,,,40159,LC/MS Neg,3391.8,243.2,,,,
,X - 17352,,,40160,LC/MS Neg,3398.6,495.3,,,,
,X - 17355,,,40163,LC/MS Neg,3799.5,474.2,,,,
,X - 17393,,,40218,LC/MS Neg,1968.3,308.2,,,,
,X - 17462,,,40291,LC/MS Neg,4243.6,434.3,,,,
,X - 17501,,,40331,LC/MS Neg,5051.6,287.3,,,,
,X - 17553,,,40384,LC/MS Neg,4820.3,262.2,,,,
,X - 17642,,,40584,LC/MS Neg,4234.2,339.4,,,,
,X - 17692,,,40789,LC/MS Neg,3071.9,370.1,,,,
,X - 17706,,,40803,LC/MS Neg,4691.3,539.3,,,,
,X - 18111,,,41213,LC/MS Pos,4250,577.4,,,,
,X - 18113,,,41215,LC/MS Pos,4290.6,599.5,,,,
,X - 18162,,,41265,LC/MS Neg,2250.1,278.2,,,,
,X - 18165,,,41268,LC/MS Neg,1775,281.1,,,,
,X - 18179,,,41282,LC/MS Pos,1013.9,260.2,,,,
,X - 18218,,,41322,LC/MS Neg,2540.9,218,,,,
,X - 18307,,,41484,LC/MS Pos,3525.1,578.2,,,,
,X - 18309,,,41491,LC/MS Pos,4323.5,621.4,,,,
,X - 18330,,,41548,LC/MS Pos,1766.5,310,,,,
,X - 18331,,,41549,LC/MS Pos,2049.8,260.1,,,,
,X - 18332,,,41550,LC/MS Pos,2163.1,260.1,,,,
,X - 18333,,,41551,LC/MS Pos,2394,294,,,,
,X - 18341,,,41559,LC/MS Neg,1038.9,190.1,,,,
,X - 18513,,,41742,LC/MS Pos,3045,350.1,,,,
,X - 18554,,,41783,LC/MS Pos,2452.8,270,,,,
,X - 18772,,,42137,LC/MS Neg,4102.6,263,,,,
,X - 18798,,,42173,LC/MS Pos,1970.5,385,,,,
,X - 18800,,,42175,LC/MS Pos,2163.5,332.1,,,,
,X - 18808,,,42193,LC/MS Pos,2446.8,256.1,,,,
,X - 18843,,,42228,LC/MS Neg,3193.7,288.1,,,,
,X - 18883,,,42268,LC/MS Pos,2997.2,388.3,,,,
,X - 18889,,,42274,LC/MS Neg,2662.5,202.1,,,,
